{"type":"FeatureCollection","features":[{"type":"Feature","properties":{"kind":"platform","lv":";1;","minLevel":1,"name":"C;D"},"geometry":{"type":"Polygon","coordinates":[[[2.3740523,48.844767],[2.3740825,48.8447906],[2.3757492,48.8438712],[2.3774333,48.8429421],[2.3776703,48.8428112],[2.3778356,48.8427234],[2.3781954,48.8425531],[2.3783912,48.8424648],[2.378366,48.842443],[2.3781645,48.8425266],[2.3778973,48.8426499],[2.3778088,48.8426947],[2.3777216,48.8427413],[2.3774202,48.8429081],[2.3757344,48.8438399],[2.3743692,48.8445924],[2.3740523,48.844767]]]}},{"type":"Feature","properties":{"kind":"platform","lv":";1;","minLevel":1,"name":"Voies I et J"},"geometry":{"type":"Polygon","coordinates":[[[2.3737138,48.8445035],[2.3750084,48.8437921],[2.3754066,48.8435791],[2.3769585,48.842717],[2.3771134,48.8426351],[2.3774588,48.8424733],[2.3777747,48.8423517],[2.3778873,48.8423108],[2.3785599,48.8420928],[2.3785766,48.8421126],[2.3784482,48.8421629],[2.37824,48.8422424],[2.3781005,48.8422874],[2.3778095,48.8423827],[2.3775379,48.8424886],[2.3773545,48.8425731],[2.3771071,48.842704],[2.3754511,48.8436117],[2.3750619,48.8438287],[2.3737646,48.844543],[2.3737445,48.8445274],[2.3737138,48.8445035]]]}},{"type":"Feature","properties":{"kind":"platform","lv":";1;","minLevel":1,"name":"E;G"},"geometry":{"type":"Polygon","coordinates":[[[2.3739118,48.8446577],[2.3739251,48.8446681],[2.3739425,48.8446816],[2.3756131,48.8437594],[2.377276,48.8428417],[2.3773615,48.8427949],[2.3774501,48.8427457],[2.3775788,48.842681],[2.3777049,48.8426221],[2.3779553,48.8425182],[2.3782951,48.8423866],[2.3782807,48.8423716],[2.3780512,48.8424485],[2.3777682,48.8425566],[2.3776599,48.8426049],[2.3774775,48.8426912],[2.3773823,48.8427419],[2.3772308,48.8428242],[2.3755845,48.8437362],[2.3739118,48.8446577]]]}},{"type":"Feature","properties":{"kind":"platform","lv":";1;","minLevel":1,"name":"Voies M et N"},"geometry":{"type":"Polygon","coordinates":[[[2.3765653,48.8425515],[2.3759665,48.8428814],[2.3751581,48.8433277],[2.3747179,48.8435712],[2.37433,48.8437841],[2.3739206,48.8440098],[2.3734961,48.8442411],[2.3734748,48.8442526],[2.3734259,48.8442793],[2.373433,48.8442848],[2.3734757,48.8443182],[2.3735091,48.8443435],[2.373545,48.8443721],[2.3752269,48.8434418],[2.3767148,48.8426252],[2.3769065,48.8425195],[2.3770749,48.8424361],[2.3772318,48.8423653],[2.3773552,48.8423116],[2.3774799,48.8422627],[2.3776123,48.8422126],[2.3778108,48.8421481],[2.3779258,48.8421137],[2.3781059,48.8420634],[2.3786225,48.8419125],[2.3786198,48.8419052],[2.3784549,48.8419299],[2.3782766,48.8419557],[2.3781548,48.8419763],[2.3780572,48.8419957],[2.3779724,48.8420142],[2.3778209,48.8420504],[2.3777226,48.8420756],[2.3776244,48.842104],[2.3774933,48.8421435],[2.3773639,48.8421876],[2.3772318,48.8422358],[2.3770953,48.8422915],[2.3770124,48.8423279],[2.3769793,48.8423424],[2.3767939,48.8424306],[2.3765653,48.8425515]]]}},{"type":"Feature","properties":{"kind":"level","lv":";-2;","minLevel":-2,"name":"Espace de correspondance RER & M\u00e9tro"},"geometry":{"type":"Polygon","coordinates":[[[2.3731055,48.8444511],[2.3731063,48.8444491],[2.373109,48.8444465],[2.373131,48.844435],[2.3735589,48.8441974],[2.3735686,48.8441984],[2.3735986,48.8442197],[2.3736093,48.8442294],[2.3736146,48.8442341],[2.3736493,48.8442144],[2.3737754,48.8441446],[2.3738025,48.8441305],[2.3737529,48.8440899],[2.37468,48.843576],[2.3747239,48.8436098],[2.3748459,48.8436171],[2.3749358,48.8436886],[2.3751235,48.8435844],[2.3750327,48.8435134],[2.3750424,48.8434324],[2.3750035,48.8434033],[2.3750045,48.8433955],[2.3751742,48.8433009],[2.3754129,48.84317],[2.3754424,48.8431939],[2.3757642,48.8430597],[2.3757173,48.8430015],[2.3758525,48.8429242],[2.3758081,48.8428872],[2.3757914,48.8428733],[2.3757973,48.84287],[2.3757642,48.8428439],[2.3757583,48.8428472],[2.3756207,48.8427385],[2.3756094,48.8427444],[2.3756018,48.8427387],[2.3756189,48.8427295],[2.3755858,48.8427036],[2.3753887,48.842546],[2.3750953,48.8427011],[2.3748818,48.8428139],[2.3748691,48.8428046],[2.3747953,48.8428452],[2.3747765,48.8428292],[2.3747225,48.8428587],[2.3747085,48.8428479],[2.3746802,48.8428631],[2.3746531,48.8428987],[2.3736252,48.8434774],[2.373587,48.843453],[2.3733187,48.8432812],[2.3732094,48.8433494],[2.3731203,48.843405],[2.3734253,48.8435877],[2.3730179,48.8438055],[2.3729743,48.8438294],[2.3728955,48.8438713],[2.3726502,48.844007],[2.3725765,48.844061],[2.372528,48.8440966],[2.3724041,48.8441875],[2.3724249,48.844203],[2.3724431,48.8442091],[2.3724465,48.8442105],[2.3724474,48.8442129],[2.3724467,48.844216],[2.3724434,48.8442186],[2.3724407,48.8442203],[2.3724375,48.8442179],[2.3721252,48.8444361],[2.3720943,48.8444145],[2.3720624,48.8444399],[2.3720479,48.8444506],[2.3720369,48.8444598],[2.3718954,48.8445915],[2.3718056,48.8446756],[2.3717659,48.8447127],[2.37167,48.8448071],[2.3718153,48.8448772],[2.3721466,48.8446561],[2.3723457,48.8447095],[2.3724195,48.8446641],[2.3725443,48.84476],[2.3727774,48.8446309],[2.3728554,48.8445874],[2.372962,48.8445279],[2.372966,48.844527],[2.3729689,48.8445265],[2.3729732,48.8445273],[2.3729755,48.8445285],[2.373022,48.8445656],[2.3730389,48.8445564],[2.3731386,48.8445017],[2.3731548,48.8444928],[2.3731081,48.8444553],[2.3731066,48.8444536],[2.3731055,48.8444511]]]}},{"type":"Feature","properties":{"kind":"level","lv":";-4;","minLevel":-4,"name":"Niveau RER A - Gare de Lyon"},"geometry":{"type":"Polygon","coordinates":[[[2.3721072,48.8445626],[2.3748752,48.8430198],[2.3751394,48.8432413],[2.3723781,48.8447709],[2.3721072,48.8445626]]]}},{"type":"Feature","properties":{"kind":"level","lv":";-3;","minLevel":-3,"name":"Niveau RER D - Gare de Lyon"},"geometry":{"type":"Polygon","coordinates":[[[2.3755199,48.8426585],[2.3755487,48.8426803],[2.3756587,48.8427673],[2.3757251,48.8428218],[2.3758307,48.8429052],[2.3758525,48.8429242],[2.3744869,48.8436635],[2.3725815,48.8447028],[2.3724736,48.8446221],[2.3724045,48.8445673],[2.3723229,48.8445053],[2.3722724,48.8444659],[2.3724618,48.8443412],[2.3727854,48.8441547],[2.3752188,48.8428077],[2.3755199,48.8426585]]]}},{"type":"Feature","properties":{"kind":"yes","lv":";0;","minLevel":0},"geometry":{"type":"Polygon","coordinates":[[[2.3731955,48.8444471],[2.3732699,48.8445062],[2.3731821,48.8445516],[2.3732732,48.8446235],[2.373284,48.844632],[2.3733025,48.8446466],[2.3733123,48.8446543],[2.373334,48.8446714],[2.3733981,48.8447221],[2.3734755,48.8447831],[2.3735232,48.8448208],[2.3735885,48.8448723],[2.3737086,48.8449672],[2.3737197,48.8449759],[2.3737385,48.8449908],[2.3737563,48.8450049],[2.3737695,48.8450152],[2.3738021,48.845041],[2.3738272,48.845062],[2.3740152,48.8452132],[2.3740037,48.8453238],[2.3731955,48.8444471]]]}},{"type":"Feature","properties":{"kind":"yes","lv":";1;2;","minLevel":1},"geometry":{"type":"Polygon","coordinates":[[[2.3733131,48.8447579],[2.373316,48.8447756],[2.373322,48.8447871],[2.37339,48.8448432],[2.3733131,48.8447579]]]}},{"type":"Feature","properties":{"kind":"yes","lv":";1;2;","minLevel":1},"geometry":{"type":"Polygon","coordinates":[[[2.3735673,48.8449572],[2.3735377,48.8449526],[2.3735186,48.8449448],[2.3734533,48.8448923],[2.3735673,48.8449572]]]}},{"type":"Feature","properties":{"kind":"yes","lv":";1;","minLevel":1},"geometry":{"type":"Polygon","coordinates":[[[2.375718,48.8443638],[2.3758277,48.8444511],[2.3759365,48.844537],[2.3759864,48.8445747],[2.3760771,48.8446432],[2.3761379,48.8446892],[2.3761765,48.8447184],[2.376204,48.8447391],[2.3762133,48.844746],[2.375718,48.8443638]]]}},{"type":"Feature","properties":{"kind":"yes","lv":";1;","minLevel":1},"geometry":{"type":"Polygon","coordinates":[[[2.3764003,48.8446342],[2.3763202,48.8445718],[2.3761978,48.8444738],[2.3761787,48.8444585],[2.3764003,48.8446342]]]}},{"type":"Feature","properties":{"kind":"room","lv":";1;","minLevel":1,"name":"Starbucks"},"geometry":{"type":"Polygon","coordinates":[[[2.3736266,48.8447542],[2.3735983,48.8447319],[2.373682,48.8446859],[2.3737103,48.8447082],[2.3736266,48.8447542]]]}},{"type":"Feature","properties":{"kind":"room","lv":";1;","minLevel":1,"name":"Brioche Dor\u00e9e"},"geometry":{"type":"Polygon","coordinates":[[[2.3737103,48.8447082],[2.3737385,48.8447306],[2.3736552,48.8447765],[2.3736266,48.8447542],[2.3737103,48.8447082]]]}},{"type":"Feature","properties":{"kind":"yes","lv":";1;","minLevel":1},"geometry":{"type":"Polygon","coordinates":[[[2.3735901,48.8444899],[2.3735729,48.8444763],[2.373556,48.8444629],[2.3734572,48.8443849],[2.3733932,48.8443337],[2.3735901,48.8444899]]]}},{"type":"Feature","properties":{"kind":"room","lv":";0;1;","minLevel":0},"geometry":{"type":"Polygon","coordinates":[[[2.3761206,48.8445048],[2.3761103,48.8444967],[2.3761,48.8444886],[2.3760691,48.8445057],[2.3760896,48.8445218],[2.3761206,48.8445048]]]}},{"type":"Feature","properties":{"kind":"room","lv":";1;","minLevel":1,"name":"Sephora"},"geometry":{"type":"Polygon","coordinates":[[[2.3747106,48.844731],[2.3746959,48.8447393],[2.3747817,48.8448095],[2.3748139,48.844792],[2.3748414,48.8447769],[2.3748921,48.8447487],[2.3749686,48.8447062],[2.3748539,48.8446166],[2.3747866,48.844654],[2.3747907,48.8446571],[2.3747696,48.8446688],[2.3747632,48.8446638],[2.3746822,48.8447087],[2.3747106,48.844731]]]}},{"type":"Feature","properties":{"kind":"room","lv":";1;","minLevel":1,"name":"Pharmacie de la Gare TGV Paris-Lyon"},"geometry":{"type":"Polygon","coordinates":[[[2.3754345,48.8444389],[2.3754591,48.8444253],[2.3755359,48.844383],[2.3755197,48.8443703],[2.3754094,48.8442836],[2.3754046,48.8442863],[2.3754014,48.8442838],[2.3753639,48.8443045],[2.3753695,48.8443089],[2.3753559,48.8443164],[2.3753623,48.8443214],[2.3753326,48.8443377],[2.3753741,48.8443703],[2.3753582,48.844379],[2.3754345,48.8444389]]]}},{"type":"Feature","properties":{"kind":"room","lv":";1;","minLevel":1,"name":"Relay"},"geometry":{"type":"Polygon","coordinates":[[[2.3731001,48.8445461],[2.3729843,48.8444549],[2.3730729,48.8444065],[2.3731109,48.8444375],[2.3731881,48.8444978],[2.3731626,48.8445118],[2.3731225,48.8445338],[2.3731001,48.8445461]]]}},{"type":"Feature","properties":{"kind":"room","lv":";1;","minLevel":1,"name":"Mamma Napoli"},"geometry":{"type":"Polygon","coordinates":[[[2.3734951,48.8451501],[2.3735884,48.8450972],[2.3736373,48.8450694],[2.3735712,48.8450179],[2.3734255,48.8450965],[2.3734951,48.8451501]]]}},{"type":"Feature","properties":{"kind":"room","lv":";1;","minLevel":1,"name":"Relay"},"geometry":{"type":"Polygon","coordinates":[[[2.3757064,48.8445756],[2.3755973,48.8446341],[2.3755914,48.8446298],[2.3755893,48.844631],[2.3755604,48.844608],[2.3755626,48.8446068],[2.3755494,48.8445964],[2.3755773,48.8445817],[2.3755626,48.8445699],[2.3755852,48.8445578],[2.3755565,48.8445343],[2.3755738,48.8445244],[2.3756559,48.8444775],[2.3756726,48.84449],[2.3756749,48.8444888],[2.3756878,48.8444985],[2.3757036,48.8445104],[2.375701,48.8445118],[2.3757163,48.8445237],[2.3757185,48.8445225],[2.3757352,48.8445352],[2.375748,48.8445449],[2.3757447,48.8445468],[2.3757507,48.8445515],[2.3757593,48.8445581],[2.3757612,48.844557],[2.3757755,48.8445681],[2.3757904,48.8445795],[2.3757451,48.8446039],[2.3757064,48.8445756]]]}},{"type":"Feature","properties":{"kind":"room","lv":";1;","minLevel":1,"name":"Marius"},"geometry":{"type":"Polygon","coordinates":[[[2.373134,48.8447995],[2.373196,48.8448477],[2.3731497,48.8448752],[2.3732033,48.8449207],[2.3733038,48.8450001],[2.373449,48.844921],[2.3734628,48.8449312],[2.373492,48.8449147],[2.3734283,48.8448643],[2.3733532,48.8448047],[2.3733421,48.8447959],[2.3733154,48.8448103],[2.3732789,48.8447813],[2.3732319,48.8447454],[2.3731593,48.8447855],[2.373134,48.8447995]]]}},{"type":"Feature","properties":{"kind":"room","lv":";0;","minLevel":0,"name":"Etam"},"geometry":{"type":"Polygon","coordinates":[[[2.3736074,48.844989],[2.3736625,48.8449588],[2.3735667,48.8448848],[2.3734948,48.8448277],[2.3734389,48.844858],[2.3736074,48.844989]]]}},{"type":"Feature","properties":{"kind":"room","lv":";0;","minLevel":0,"name":"Lyre"},"geometry":{"type":"Polygon","coordinates":[[[2.3732484,48.8447064],[2.3732334,48.8446944],[2.3731831,48.8446542],[2.3731752,48.8446481],[2.3732291,48.8446188],[2.3732576,48.8446415],[2.3733032,48.8446763],[2.3732484,48.8447064]]]}},{"type":"Feature","properties":{"kind":"room","lv":";0;","minLevel":0,"name":"Parfois"},"geometry":{"type":"Polygon","coordinates":[[[2.3734389,48.844858],[2.3732661,48.8447199],[2.3733205,48.8446891],[2.3733751,48.8447324],[2.3734533,48.8447944],[2.3734948,48.8448277],[2.3734389,48.844858]]]}},{"type":"Feature","properties":{"kind":"room","lv":";0;","minLevel":0,"name":"Histoire d'Or"},"geometry":{"type":"Polygon","coordinates":[[[2.373531,48.8447318],[2.3735183,48.8447213],[2.3734755,48.8446886],[2.373468,48.8446817],[2.3734199,48.8446444],[2.3734847,48.8446091],[2.37354,48.8446534],[2.3735956,48.8446966],[2.373531,48.8447318]]]}},{"type":"Feature","properties":{"kind":"room","lv":";0;","minLevel":0,"name":"Yves Rocher"},"geometry":{"type":"Polygon","coordinates":[[[2.3737212,48.8450765],[2.3736074,48.844989],[2.3736625,48.8449588],[2.3737366,48.8450158],[2.3737759,48.845046],[2.3737871,48.8450856],[2.3738012,48.8451357],[2.3737212,48.8450765]]]}},{"type":"Feature","properties":{"kind":"room","lv":";0;","minLevel":0},"geometry":{"type":"Polygon","coordinates":[[[2.3759554,48.844162],[2.3758742,48.8440978],[2.3759712,48.8440486],[2.3760188,48.8440865],[2.3760121,48.8441317],[2.3759554,48.844162]]]}},{"type":"Feature","properties":{"kind":"room","lv":";-1;0;","minLevel":-1},"geometry":{"type":"Polygon","coordinates":[[[2.3767835,48.8442936],[2.3768143,48.8442764],[2.3768411,48.8442961],[2.3768094,48.8443141],[2.3767965,48.8443039],[2.3767835,48.8442936]]]}},{"type":"Feature","properties":{"kind":"room","lv":";0;","minLevel":0,"name":"McDonald's Originals"},"geometry":{"type":"Polygon","coordinates":[[[2.3760751,48.8446987],[2.3759912,48.844632],[2.3760836,48.8445802],[2.3758168,48.8443763],[2.3758342,48.8443666],[2.3759025,48.8443282],[2.375903,48.8443287],[2.3759055,48.8443296],[2.3759084,48.8443297],[2.3759111,48.844329],[2.3759131,48.8443277],[2.3759141,48.8443259],[2.3759138,48.844324],[2.3759126,48.8443225],[2.3759167,48.8443204],[2.3760157,48.844398],[2.3760577,48.8444308],[2.3760416,48.8444849],[2.3760629,48.8445013],[2.3760691,48.8445057],[2.3761094,48.8445373],[2.3761143,48.8445409],[2.3761446,48.8445239],[2.3761488,48.8445215],[2.3761651,48.8445341],[2.3761671,48.8445357],[2.3761754,48.8445313],[2.3761812,48.8445282],[2.3762197,48.8445583],[2.3762607,48.8445904],[2.3762602,48.8445906],[2.3762586,48.8445918],[2.3762578,48.8445932],[2.3762577,48.8445948],[2.3762585,48.8445963],[2.3762593,48.844597],[2.3762474,48.8446036],[2.3762452,48.8446024],[2.3762426,48.8446019],[2.37624,48.8446021],[2.3762379,48.8446029],[2.3762363,48.844604],[2.3762355,48.8446055],[2.3762354,48.8446071],[2.3762362,48.8446085],[2.3762372,48.8446093],[2.3762214,48.844618],[2.3761688,48.8446472],[2.3761134,48.8446776],[2.3761113,48.8446765],[2.3761088,48.844676],[2.3761061,48.8446762],[2.376104,48.844677],[2.3761025,48.8446782],[2.3761016,48.8446796],[2.3761015,48.8446812],[2.3761023,48.8446827],[2.3761031,48.8446833],[2.3760911,48.8446899],[2.3760909,48.8446896],[2.3760888,48.8446885],[2.3760863,48.844688],[2.3760836,48.8446882],[2.3760815,48.844689],[2.3760799,48.8446902],[2.3760791,48.8446916],[2.376079,48.8446932],[2.3760798,48.8446947],[2.3760809,48.8446955],[2.3760751,48.8446987]]]}},{"type":"Feature","properties":{"kind":"room","lv":";0;","minLevel":0,"name":"Relay"},"geometry":{"type":"Polygon","coordinates":[[[2.3754475,48.8438198],[2.3754068,48.8437881],[2.3754121,48.8437844],[2.3753949,48.8437706],[2.3754768,48.8437252],[2.375532,48.8437694],[2.375517,48.8437771],[2.3755205,48.8437799],[2.3754984,48.843792],[2.3754475,48.8438198]]]}},{"type":"Feature","properties":{"kind":"room","lv":";0;","minLevel":0,"name":"SNCF Le Studio"},"geometry":{"type":"Polygon","coordinates":[[[2.3770842,48.8443813],[2.377018,48.8443279],[2.3768108,48.844442],[2.3768766,48.8444963],[2.3769016,48.8445164],[2.3769131,48.8445255],[2.3769245,48.8445347],[2.3769492,48.8445545],[2.3771258,48.8444613],[2.3771542,48.8444458],[2.3771616,48.8444418],[2.3770842,48.8443813]]]}},{"type":"Feature","properties":{"kind":"room","lv":";0;","minLevel":0,"name":"Relay"},"geometry":{"type":"Polygon","coordinates":[[[2.3737385,48.8448112],[2.3738267,48.8448826],[2.3737632,48.8449168],[2.3737455,48.8449017],[2.3736748,48.8448452],[2.3737385,48.8448112]]]}},{"type":"Feature","properties":{"kind":"platform","lv":";1;","minLevel":1,"name":"Voies 19 et 21"},"geometry":{"type":"Polygon","coordinates":[[[2.3763227,48.8443597],[2.376357,48.8443867],[2.3763837,48.8444077],[2.3785225,48.843231],[2.3787459,48.8431104],[2.3789705,48.8429785],[2.379122,48.8428781],[2.3794902,48.8426479],[2.3798595,48.8424275],[2.3803591,48.842134],[2.3805504,48.8420133],[2.380756,48.8418758],[2.38093,48.8417645],[2.3809141,48.8417511],[2.3807319,48.8418595],[2.3805175,48.8419886],[2.3803136,48.8421075],[2.3798234,48.8423975],[2.3789085,48.8429341],[2.378471,48.843181],[2.3763227,48.8443597]]]}},{"type":"Feature","properties":{"kind":"platform","lv":";1;","minLevel":1,"name":"Voies 7 et 9"},"geometry":{"type":"Polygon","coordinates":[[[2.3759759,48.8440857],[2.3759962,48.8441019],[2.3760316,48.8441303],[2.3781861,48.8429442],[2.3784886,48.842777],[2.378625,48.8426989],[2.378941,48.8425204],[2.3792451,48.8423455],[2.3795498,48.8421713],[2.3796814,48.8420941],[2.3796614,48.8420783],[2.3795065,48.8421516],[2.3792038,48.8423051],[2.3759759,48.8440857]]]}},{"type":"Feature","properties":{"kind":"platform","lv":";1;","minLevel":1,"name":"Voie 23"},"geometry":{"type":"Polygon","coordinates":[[[2.3764979,48.8445049],[2.3787211,48.8432862],[2.3789732,48.8431453],[2.3790105,48.843137],[2.3790534,48.8430588],[2.379565,48.8427503],[2.3796863,48.8426773],[2.3800267,48.8424729],[2.3801356,48.8423996],[2.3801752,48.8424179],[2.3802887,48.8423165],[2.3804617,48.8422185],[2.3805368,48.8421735],[2.3806239,48.8421223],[2.3806953,48.8420698],[2.3807473,48.8420333],[2.380824,48.841975],[2.3809099,48.8419032],[2.3810818,48.8417637],[2.3810361,48.8417419],[2.3808923,48.8418651],[2.3807413,48.8419853],[2.380635,48.8420618],[2.3805322,48.8421317],[2.3803999,48.8422096],[2.3800293,48.8424251],[2.379708,48.8426162],[2.3794775,48.8427536],[2.3790319,48.8430298],[2.3788592,48.8431325],[2.3786728,48.8432344],[2.3764526,48.8444576],[2.3764763,48.8444823],[2.3764979,48.8445049]]]}},{"type":"Feature","properties":{"kind":"platform","lv":";1;","minLevel":1,"name":"Voies 11 et 13"},"geometry":{"type":"Polygon","coordinates":[[[2.3760926,48.8441785],[2.3761275,48.8442058],[2.3761481,48.844222],[2.3782831,48.8430441],[2.3787179,48.8427969],[2.3796446,48.8422524],[2.379851,48.8421307],[2.3800618,48.8420119],[2.3804057,48.8418281],[2.3803932,48.8418148],[2.3800188,48.8419912],[2.3798614,48.8420732],[2.3795997,48.8422242],[2.379313,48.8423895],[2.3786734,48.8427566],[2.3782286,48.8429999],[2.3760926,48.8441785]]]}},{"type":"Feature","properties":{"kind":"yes","lv":";0;","minLevel":0},"geometry":{"type":"Polygon","coordinates":[[[2.3751039,48.8437777],[2.3749862,48.8436872],[2.3749519,48.8436608],[2.3748681,48.8435963],[2.3748171,48.8435571],[2.3747922,48.843538],[2.3751039,48.8437777]]]}},{"type":"Feature","properties":{"kind":"yes","lv":";0;","minLevel":0},"geometry":{"type":"Polygon","coordinates":[[[2.3756387,48.8440664],[2.375748,48.8441497],[2.3758553,48.8442314],[2.3760814,48.8444036],[2.3761653,48.8444675],[2.3761847,48.8444834],[2.3762419,48.8444888],[2.3762839,48.8445216],[2.3763716,48.84459],[2.3764409,48.8446442],[2.3756387,48.8440664]]]}},{"type":"Feature","properties":{"kind":"yes","lv":";1;","minLevel":1},"geometry":{"type":"Polygon","coordinates":[[[2.3761787,48.8444585],[2.3761117,48.8444019],[2.3760878,48.8443836],[2.3760154,48.8443282],[2.3759675,48.8442907],[2.3759185,48.844254],[2.3758387,48.8441926],[2.3758132,48.8441734],[2.3761787,48.8444585]]]}},{"type":"Feature","properties":{"kind":"room","lv":";0;1;","minLevel":0},"geometry":{"type":"Polygon","coordinates":[[[2.3731995,48.8442751],[2.3731755,48.8442883],[2.3731832,48.8442943],[2.3731896,48.8442992],[2.3731944,48.844303],[2.373203,48.8443098],[2.3732264,48.8442967],[2.3731995,48.8442751]]]}},{"type":"Feature","properties":{"kind":"room","lv":";0;","minLevel":0,"name":"Petit Bateau"},"geometry":{"type":"Polygon","coordinates":[[[2.3738681,48.8449991],[2.3738774,48.8450329],[2.3738931,48.8450853],[2.3739429,48.8450585],[2.3739592,48.8450719],[2.3739751,48.8450632],[2.3740213,48.8450378],[2.3739305,48.8449644],[2.3738785,48.8449933],[2.3738681,48.8449991]]]}},{"type":"Feature","properties":{"kind":"room","lv":";0;","minLevel":0,"name":"Pylones"},"geometry":{"type":"Polygon","coordinates":[[[2.3731752,48.8446481],[2.3731831,48.8446542],[2.3731677,48.8446624],[2.3730967,48.8446067],[2.3731106,48.8445988],[2.3730968,48.8445888],[2.3730839,48.8445963],[2.3730242,48.8445502],[2.3730583,48.8445315],[2.3730941,48.844512],[2.3731567,48.8445616],[2.3732291,48.8446188],[2.3731752,48.8446481]]]}},{"type":"Feature","properties":{"kind":"room","lv":";0;","minLevel":0,"name":"Hema"},"geometry":{"type":"Polygon","coordinates":[[[2.3733406,48.8444955],[2.3733223,48.8444809],[2.373275,48.8444435],[2.3732592,48.8444315],[2.3733542,48.8443798],[2.3734337,48.8444454],[2.3733406,48.8444955]]]}},{"type":"Feature","properties":{"kind":"room","lv":";0;","minLevel":0,"name":"La Croissanterie"},"geometry":{"type":"Polygon","coordinates":[[[2.3763411,48.844257],[2.3763776,48.8442852],[2.3764072,48.8442688],[2.3763691,48.8442396],[2.3763458,48.8442528],[2.3763446,48.844255],[2.3763421,48.8442566],[2.3763411,48.844257]]]}},{"type":"Feature","properties":{"kind":"room","lv":";0;","minLevel":0},"geometry":{"type":"Polygon","coordinates":[[[2.3760023,48.8439583],[2.3760435,48.8439357],[2.3761067,48.8439854],[2.376103,48.8439877],[2.3761543,48.8440282],[2.3761514,48.8440299],[2.3762127,48.8440786],[2.3762233,48.8440836],[2.3762671,48.8441176],[2.3763454,48.8441728],[2.3763037,48.8441952],[2.3762399,48.8441466],[2.3762487,48.8441413],[2.3762425,48.8441364],[2.3762309,48.8441425],[2.3761841,48.8441057],[2.3761937,48.8441001],[2.3761888,48.8440963],[2.376176,48.8441035],[2.3761124,48.8440533],[2.3761247,48.8440466],[2.3761189,48.8440418],[2.3761093,48.8440467],[2.3760602,48.8440081],[2.3760725,48.8440014],[2.376066,48.8439965],[2.3760567,48.8440015],[2.3760023,48.8439583]]]}},{"type":"Feature","properties":{"kind":"room","lv":";0;","minLevel":0,"name":"Relay"},"geometry":{"type":"Polygon","coordinates":[[[2.3767004,48.8443476],[2.3766477,48.8443057],[2.3766377,48.8442969],[2.3765927,48.8442975],[2.3765426,48.8443244],[2.3764825,48.8443599],[2.3765155,48.8443869],[2.3765375,48.8444048],[2.3765348,48.8444062],[2.3765566,48.8444238],[2.3766174,48.8443923],[2.3767004,48.8443476]]]}},{"type":"Feature","properties":{"kind":"room","lv":";0;","minLevel":0},"geometry":{"type":"Polygon","coordinates":[[[2.377244,48.844397],[2.3774119,48.8443047],[2.3773012,48.8442153],[2.3771915,48.8442758],[2.3771336,48.8443081],[2.3771456,48.8443171],[2.377168,48.8443353],[2.377244,48.844397]]]}},{"type":"Feature","properties":{"kind":"room","lv":";0;","minLevel":0,"name":"Starbucks"},"geometry":{"type":"Polygon","coordinates":[[[2.3764426,48.8443355],[2.3764587,48.844348],[2.376452,48.844352],[2.3764702,48.8443667],[2.3764825,48.8443599],[2.3765426,48.8443244],[2.3764485,48.8442462],[2.3764072,48.8442688],[2.3763776,48.8442852],[2.3764018,48.8443039],[2.376403,48.844303],[2.3764054,48.8443021],[2.3764085,48.8443019],[2.3764115,48.8443025],[2.3764139,48.8443037],[2.3764154,48.8443056],[2.3764156,48.8443078],[2.3764146,48.8443098],[2.3764121,48.8443115],[2.3764116,48.8443116],[2.3764426,48.8443355]]]}},{"type":"Feature","properties":{"kind":"room","lv":";-1;0;","minLevel":-1},"geometry":{"type":"Polygon","coordinates":[[[2.3763126,48.8447383],[2.3763239,48.8447474],[2.3763356,48.8447564],[2.3763576,48.8447442],[2.3763346,48.8447261],[2.3763126,48.8447383]]]}},{"type":"Feature","properties":{"kind":"room","lv":";-1;0;","minLevel":-1},"geometry":{"type":"Polygon","coordinates":[[[2.3767644,48.8445238],[2.3767876,48.8445421],[2.3768109,48.8445288],[2.3767994,48.8445198],[2.3767878,48.8445107],[2.3767644,48.8445238]]]}},{"type":"Feature","properties":{"kind":"room","lv":";-2;","minLevel":-2},"geometry":{"type":"Polygon","coordinates":[[[2.3753788,48.8429349],[2.3754107,48.8428994],[2.3754533,48.8428661],[2.3755006,48.8428429],[2.3755502,48.8428255],[2.3755921,48.8428173],[2.375629,48.842848],[2.3756048,48.8428745],[2.3755599,48.8429124],[2.3755183,48.8429334],[2.3754757,48.8429508],[2.3754167,48.8429654],[2.3753788,48.8429349]]]}},{"type":"Feature","properties":{"kind":"room","lv":";-2;","minLevel":-2},"geometry":{"type":"Polygon","coordinates":[[[2.3748645,48.8434751],[2.3749182,48.843515],[2.3749839,48.8434782],[2.3749869,48.8434583],[2.374946,48.8434283],[2.3748645,48.8434751]]]}},{"type":"Feature","properties":{"kind":"room","lv":";-2;","minLevel":-2},"geometry":{"type":"Polygon","coordinates":[[[2.3747361,48.8435514],[2.3747355,48.8435452],[2.374809,48.8435042],[2.3748193,48.843504],[2.3748635,48.8435391],[2.3748622,48.843547],[2.3748022,48.843579],[2.37477,48.8435781],[2.3747361,48.8435514]]]}},{"type":"Feature","properties":{"kind":"room","lv":";1;","minLevel":1,"name":"Fnac Paris - Gare de Lyon"},"geometry":{"type":"Polygon","coordinates":[[[2.3749268,48.8445763],[2.3749332,48.8445813],[2.3749399,48.8445776],[2.3749827,48.8446097],[2.3750098,48.8445946],[2.3750755,48.8446468],[2.375002,48.8446877],[2.3749686,48.8447062],[2.3748539,48.8446166],[2.3749268,48.8445763]]]}},{"type":"Feature","properties":{"kind":"room","lv":";1;","minLevel":1,"name":"Aux Merveilleux de Fred"},"geometry":{"type":"Polygon","coordinates":[[[2.3751154,48.8445363],[2.3752189,48.8444795],[2.3752835,48.8445313],[2.375255,48.8445471],[2.3751795,48.8445891],[2.3751154,48.8445363]]]}},{"type":"Feature","properties":{"kind":"area","lv":";1;","minLevel":1},"geometry":{"type":"Polygon","coordinates":[[[2.3755209,48.8442453],[2.3755741,48.844292],[2.3754902,48.844335],[2.3754353,48.8442911],[2.3755209,48.8442453]]]}},{"type":"Feature","properties":{"kind":"area","lv":";1;","minLevel":1},"geometry":{"type":"Polygon","coordinates":[[[2.3757119,48.8441257],[2.3757476,48.8441547],[2.3757253,48.8441666],[2.3756896,48.8441377],[2.3757119,48.8441257]]]}},{"type":"Feature","properties":{"kind":"area","lv":";1;","minLevel":1},"geometry":{"type":"Polygon","coordinates":[[[2.3757157,48.8442958],[2.3758251,48.8443823],[2.3757888,48.8444022],[2.3756794,48.8443157],[2.3757157,48.8442958]]]}},{"type":"Feature","properties":{"kind":"area","lv":";1;","minLevel":1,"name":"Terrasse Montreux Jazz Caf\u00e9"},"geometry":{"type":"Polygon","coordinates":[[[2.3734048,48.8447356],[2.3736145,48.8449002],[2.3735624,48.8449287],[2.3735508,48.8449198],[2.3735237,48.8449333],[2.3735187,48.8449358],[2.373492,48.8449147],[2.3734283,48.8448643],[2.3733532,48.8448047],[2.3733421,48.8447959],[2.3733459,48.8447938],[2.3733723,48.844779],[2.3733528,48.8447641],[2.3734048,48.8447356]]]}},{"type":"Feature","properties":{"kind":"room","lv":";2;","minLevel":2},"geometry":{"type":"Polygon","coordinates":[[[2.3739979,48.8450626],[2.3737806,48.8451833],[2.3736485,48.8452524],[2.3736673,48.845265],[2.3737042,48.8452826],[2.373735,48.8452892],[2.3737732,48.845293],[2.3738473,48.8452974],[2.3740854,48.8453111],[2.3741196,48.8453064],[2.3741625,48.8452954],[2.3741799,48.8452877],[2.3742406,48.8452542],[2.3740925,48.8451373],[2.3739979,48.8450626]]]}},{"type":"Feature","properties":{"kind":"room","lv":";2;","minLevel":2,"name":"Le Train Bleu"},"geometry":{"type":"Polygon","coordinates":[[[2.3730123,48.8445779],[2.3729171,48.8446301],[2.3729978,48.8446939],[2.3729475,48.8447214],[2.3736319,48.8452608],[2.3736485,48.8452524],[2.3737806,48.8451833],[2.3734283,48.8449062],[2.3733961,48.8448803],[2.3733652,48.8448571],[2.3730123,48.8445779]]]}},{"type":"Feature","properties":{"kind":"room","lv":";1;","minLevel":1,"name":"Panier des Sens"},"geometry":{"type":"Polygon","coordinates":[[[2.3744466,48.8451452],[2.3744403,48.8451406],[2.374448,48.8451361],[2.3744309,48.8451229],[2.3743526,48.8451662],[2.3743328,48.845177],[2.374349,48.8451896],[2.3743555,48.8451947],[2.3743667,48.8452179],[2.3744967,48.8451753],[2.3744538,48.845141],[2.3744466,48.8451452]]]}},{"type":"Feature","properties":{"kind":"room","lv":";1;","minLevel":1,"name":"D\u00e9pot L\u00e9gal"},"geometry":{"type":"Polygon","coordinates":[[[2.3751241,48.8448298],[2.3753885,48.8446836],[2.3753448,48.8446492],[2.3753367,48.8446537],[2.3753292,48.8446478],[2.3753374,48.8446433],[2.375322,48.8446307],[2.3750606,48.8447751],[2.3750772,48.8447885],[2.3750851,48.8447842],[2.3750912,48.8447891],[2.3750827,48.8447938],[2.3751241,48.8448298]]]}},{"type":"Feature","properties":{"kind":"room","lv":";0;1;2;","minLevel":0},"geometry":{"type":"Polygon","coordinates":[[[2.3761086,48.8447706],[2.3761319,48.8447576],[2.3761232,48.8447507],[2.3761146,48.8447439],[2.3760909,48.8447571],[2.3760998,48.8447638],[2.3761086,48.8447706]]]}},{"type":"Feature","properties":{"kind":"room","lv":";1;","minLevel":1,"name":"Cojean"},"geometry":{"type":"Polygon","coordinates":[[[2.3763248,48.8447752],[2.3763739,48.8447482],[2.3763393,48.8447212],[2.3762902,48.8447482],[2.3763248,48.8447752]]]}},{"type":"Feature","properties":{"kind":"room","lv":";1;","minLevel":1,"name":"Roberta Caff\u00e8"},"geometry":{"type":"Polygon","coordinates":[[[2.3761208,48.8448458],[2.3760658,48.8448751],[2.3759823,48.8449196],[2.3759101,48.8449592],[2.3759557,48.8449958],[2.3759756,48.8450117],[2.3759865,48.8450058],[2.3761847,48.8448965],[2.3761495,48.8448685],[2.3761208,48.8448458]]]}},{"type":"Feature","properties":{"kind":"platform","lv":";-3;","minLevel":-3,"name":"Voies 1 et 3"},"geometry":{"type":"Polygon","coordinates":[[[2.3724736,48.8446221],[2.3725815,48.8447028],[2.3758307,48.8429052],[2.3757251,48.8428218],[2.3724736,48.8446221]]]}},{"type":"Feature","properties":{"kind":"platform","lv":";-3;","minLevel":-3,"name":"Voies 2 et 4"},"geometry":{"type":"Polygon","coordinates":[[[2.3723229,48.8445053],[2.3724045,48.8445673],[2.3756587,48.8427673],[2.3755487,48.8426803],[2.3728427,48.8441777],[2.3725162,48.8443691],[2.3723229,48.8445053]]]}},{"type":"Feature","properties":{"kind":"room","lv":";-2;","minLevel":-2},"geometry":{"type":"Polygon","coordinates":[[[2.3751545,48.8432849],[2.3751742,48.8433009],[2.3754129,48.84317],[2.3754424,48.8431939],[2.3757642,48.8430597],[2.3757173,48.8430015],[2.3758525,48.8429242],[2.3758081,48.8428872],[2.3757914,48.8428733],[2.3757517,48.8428954],[2.375652,48.8429511],[2.3755898,48.8429857],[2.3755823,48.8429898],[2.3755105,48.8430293],[2.3753826,48.8431018],[2.3753029,48.8431462],[2.3752617,48.8431131],[2.3751599,48.8431701],[2.3752426,48.8432353],[2.3751545,48.8432849]]]}},{"type":"Feature","properties":{"kind":"room","lv":";-2;","minLevel":-2},"geometry":{"type":"Polygon","coordinates":[[[2.3737275,48.8438063],[2.3737481,48.8437948],[2.3737368,48.8437858],[2.3737332,48.8437878],[2.3737201,48.843795],[2.3737161,48.8437973],[2.3737275,48.8438063]]]}},{"type":"Feature","properties":{"kind":"room","lv":";-2;","minLevel":-2},"geometry":{"type":"Polygon","coordinates":[[[2.3749936,48.842903],[2.3749827,48.8428949],[2.374976,48.842883],[2.374981,48.8428695],[2.3751068,48.8427991],[2.3751229,48.8427973],[2.3751396,48.8428013],[2.3751587,48.8428162],[2.3749936,48.842903]]]}},{"type":"Feature","properties":{"kind":"room","lv":";-2;","minLevel":-2},"geometry":{"type":"Polygon","coordinates":[[[2.3751599,48.8431701],[2.3752426,48.8432353],[2.3751545,48.8432849],[2.3751192,48.8432552],[2.3750806,48.843278],[2.3750728,48.843272],[2.3750786,48.8432686],[2.3750672,48.8432595],[2.3750589,48.8432642],[2.3750401,48.8432495],[2.375028,48.8432562],[2.3750156,48.843263],[2.3750096,48.8432584],[2.3750081,48.843257],[2.3750078,48.8432555],[2.3750085,48.8432541],[2.3750097,48.843252],[2.3751599,48.8431701]]]}},{"type":"Feature","properties":{"kind":"room","lv":";-2;","minLevel":-2,"name":"Agence Transilien"},"geometry":{"type":"Polygon","coordinates":[[[2.3740543,48.8437364],[2.3741512,48.8436827],[2.3741888,48.8436619],[2.3742009,48.8436608],[2.3742736,48.8437188],[2.3742729,48.8437252],[2.3741269,48.8438061],[2.3741233,48.8438035],[2.3741329,48.8437981],[2.3741251,48.8437921],[2.3741492,48.8437794],[2.3741233,48.8437588],[2.3740992,48.8437723],[2.3740896,48.8437777],[2.3740507,48.8437468],[2.3740543,48.8437364]]]}},{"type":"Feature","properties":{"kind":"room","lv":";-2;","minLevel":-2,"name":"Columbus Caf\u00e9 & Co"},"geometry":{"type":"Polygon","coordinates":[[[2.3733726,48.844054],[2.3735316,48.8439672],[2.3735641,48.8439928],[2.3734072,48.8440815],[2.3733726,48.844054]]]}},{"type":"Feature","properties":{"kind":"room","lv":";-2;","minLevel":-2,"name":"Brioche Dor\u00e9e"},"geometry":{"type":"Polygon","coordinates":[[[2.374458,48.8434496],[2.3745664,48.8433899],[2.3745964,48.8434135],[2.3744881,48.8434732],[2.374458,48.8434496]]]}},{"type":"Feature","properties":{"kind":"room","lv":";-2;","minLevel":-2,"name":"Guichet RATP"},"geometry":{"type":"Polygon","coordinates":[[[2.3740476,48.8435488],[2.3740955,48.8435854],[2.3740154,48.8436304],[2.3739679,48.8435935],[2.3740476,48.8435488]]]}},{"type":"Feature","properties":{"kind":"room","lv":";-2;","minLevel":-2,"name":"Guichet Transilien"},"geometry":{"type":"Polygon","coordinates":[[[2.3739679,48.8435935],[2.3740154,48.8436304],[2.3739494,48.8436672],[2.3739015,48.8436305],[2.3739679,48.8435935]]]}},{"type":"Feature","properties":{"kind":"room","lv":";-2;","minLevel":-2,"name":"Relay"},"geometry":{"type":"Polygon","coordinates":[[[2.3746372,48.8433497],[2.3746987,48.8433156],[2.3747512,48.8432864],[2.3747831,48.8433113],[2.3747322,48.8433396],[2.3746691,48.8433746],[2.3746372,48.8433497]]]}},{"type":"Feature","properties":{"kind":"room","lv":";-2;","minLevel":-2,"name":"Relay"},"geometry":{"type":"Polygon","coordinates":[[[2.3730682,48.8442237],[2.3731171,48.8441965],[2.3731289,48.8441899],[2.3731507,48.8441912],[2.3731641,48.844202],[2.3731621,48.8442166],[2.3731496,48.8442236],[2.3731031,48.8442496],[2.3730826,48.8442498],[2.3730675,48.8442376],[2.3730682,48.8442237]]]}},{"type":"Feature","properties":{"kind":"room","lv":";-2;","minLevel":-2,"name":"Adopt'"},"geometry":{"type":"Polygon","coordinates":[[[2.3725774,48.8444902],[2.3726346,48.8444583],[2.3727165,48.8444127],[2.3727584,48.8444456],[2.3727195,48.8444669],[2.3726183,48.8445222],[2.3725774,48.8444902]]]}},{"type":"Feature","properties":{"kind":"room","lv":";-2;","minLevel":-2},"geometry":{"type":"Polygon","coordinates":[[[2.3731226,48.8439002],[2.3731249,48.843899],[2.3731537,48.8439219],[2.3731498,48.8439239],[2.3731486,48.8439253],[2.3731486,48.8439267],[2.3731495,48.843928],[2.3731563,48.8439331],[2.3731593,48.8439315],[2.373175,48.843944],[2.3731719,48.8439457],[2.3731731,48.8439466],[2.3731749,48.8439475],[2.3731771,48.843948],[2.3731785,48.8439478],[2.3731803,48.8439473],[2.3731817,48.8439466],[2.3731829,48.8439458],[2.3731803,48.8439439],[2.3732392,48.8439112],[2.373234,48.8439072],[2.3732688,48.8438878],[2.373274,48.8438919],[2.3732826,48.8438871],[2.3732774,48.843883],[2.3733127,48.8438634],[2.3733179,48.8438674],[2.3733466,48.8438515],[2.3733409,48.8438471],[2.3733673,48.8438324],[2.373373,48.8438369],[2.3733811,48.8438323],[2.3733751,48.8438277],[2.3734019,48.8438128],[2.3734079,48.8438174],[2.3734239,48.8438086],[2.3734182,48.8438041],[2.3734817,48.8437688],[2.3734874,48.8437733],[2.3735028,48.8437647],[2.3735292,48.8437501],[2.3736157,48.8437027],[2.3736276,48.8436959],[2.37362,48.8436913],[2.3736171,48.8436933],[2.3736047,48.8436855],[2.3736076,48.8436835],[2.3736023,48.843681],[2.3735979,48.8436807],[2.3735951,48.8436816],[2.3735887,48.8436855],[2.3734253,48.8435877],[2.3730179,48.8438055],[2.3730428,48.8438253],[2.3730595,48.8438386],[2.3731916,48.8437684],[2.3732506,48.8438161],[2.3731218,48.8438872],[2.3731193,48.8438896],[2.3731174,48.8438919],[2.3731165,48.8438938],[2.373118,48.8438968],[2.3731226,48.8439002]]]}},{"type":"Feature","properties":{"kind":"room","lv":";-2;","minLevel":-2},"geometry":{"type":"Polygon","coordinates":[[[2.3723837,48.8444835],[2.3725971,48.844648],[2.3726047,48.8446556],[2.3727224,48.8445887],[2.3727774,48.8446309],[2.3725443,48.84476],[2.3724195,48.8446641],[2.3723457,48.8447095],[2.3721466,48.8446561],[2.3718153,48.8448772],[2.37167,48.8448071],[2.3717659,48.8447127],[2.3718073,48.8447305],[2.3718351,48.8447038],[2.3718711,48.8446692],[2.371914,48.8446957],[2.3722104,48.8444887],[2.3721809,48.8444662],[2.3722716,48.8444035],[2.3723182,48.8444401],[2.372377,48.8444872],[2.3723837,48.8444835]]]}},{"type":"Feature","properties":{"kind":"room","lv":";-2;","minLevel":-2},"geometry":{"type":"Polygon","coordinates":[[[2.3736252,48.8434774],[2.3737786,48.8435698],[2.3737664,48.8435767],[2.3737662,48.8435798],[2.3737678,48.8435825],[2.3737717,48.8435851],[2.3737748,48.8435831],[2.3737928,48.8435941],[2.3737897,48.8435958],[2.3737956,48.8436],[2.3738077,48.8435941],[2.3738229,48.8436038],[2.3739932,48.8435093],[2.3739801,48.8434982],[2.3742138,48.8433693],[2.3742088,48.8433653],[2.3742455,48.8433447],[2.3742503,48.8433489],[2.3742589,48.843344],[2.3742539,48.8433401],[2.37429,48.8433201],[2.3742948,48.8433236],[2.37435,48.8432931],[2.3743445,48.8432888],[2.3743414,48.8432905],[2.3743284,48.8432798],[2.3743315,48.8432782],[2.3743283,48.8432756],[2.3743386,48.8432693],[2.3743527,48.843262],[2.3742856,48.8432097],[2.3743151,48.8431952],[2.3743812,48.8432462],[2.3744063,48.8432327],[2.3744274,48.8432495],[2.3745602,48.843176],[2.3745535,48.8431698],[2.374813,48.8430255],[2.3747593,48.8429827],[2.3746212,48.8430568],[2.3745585,48.8430081],[2.3746933,48.842933],[2.3746692,48.8429124],[2.3746531,48.8428987],[2.3736252,48.8434774]]]}},{"type":"Feature","properties":{"kind":"room","lv":";-2;","minLevel":-2},"geometry":{"type":"Polygon","coordinates":[[[2.3729998,48.8438486],[2.3730428,48.8438253],[2.3730179,48.8438055],[2.3729743,48.8438294],[2.3729998,48.8438486]]]}},{"type":"Feature","properties":{"kind":"room","lv":";-2;","minLevel":-2},"geometry":{"type":"Polygon","coordinates":[[[2.3725475,48.8442936],[2.3723182,48.8444401],[2.3722716,48.8444035],[2.3724922,48.8442545],[2.3725475,48.8442936]]]}},{"type":"Feature","properties":{"kind":"room","lv":";-2;","minLevel":-2,"name":"L\u2019Univers des marques"},"geometry":{"type":"Polygon","coordinates":[[[2.3728501,48.8440567],[2.3729599,48.8439932],[2.3729723,48.843986],[2.3729898,48.8439811],[2.3730126,48.8439845],[2.3730669,48.8440273],[2.3729248,48.8441038],[2.3729172,48.8441081],[2.3728501,48.8440567]]]}},{"type":"Feature","properties":{"kind":"room","lv":";-2;","minLevel":-2},"geometry":{"type":"Polygon","coordinates":[[[2.3724922,48.8442545],[2.3724936,48.8442534],[2.3724911,48.8442516],[2.3724953,48.8442495],[2.3724989,48.8442484],[2.3725012,48.8442484],[2.3725038,48.8442493],[2.3725066,48.8442515],[2.3725318,48.8442519],[2.3726059,48.8442033],[2.372623,48.8441978],[2.372634,48.844198],[2.3726451,48.8442002],[2.3726702,48.844219],[2.3725475,48.8442936],[2.3724922,48.8442545]]]}},{"type":"Feature","properties":{"kind":"room","lv":";-2;","minLevel":-2},"geometry":{"type":"Polygon","coordinates":[[[2.3727054,48.8443045],[2.3725943,48.8443671],[2.3725645,48.8443839],[2.3725373,48.8443626],[2.3725018,48.844382],[2.3725286,48.8444032],[2.3725134,48.8444116],[2.3723837,48.8444835],[2.372377,48.8444872],[2.3723182,48.8444401],[2.3725475,48.8442936],[2.3726702,48.844219],[2.3726904,48.8442342],[2.3726473,48.8442592],[2.3727054,48.8443045]]]}},{"type":"Feature","properties":{"kind":"room","lv":";-2;","minLevel":-2,"name":"Bonne Journ\u00e9e"},"geometry":{"type":"Polygon","coordinates":[[[2.3729998,48.8438486],[2.3729428,48.8438799],[2.3728955,48.8438713],[2.3729743,48.8438294],[2.3729998,48.8438486]]]}},{"type":"Feature","properties":{"kind":"room","lv":";-2;","minLevel":-2,"name":"Eva accessoires"},"geometry":{"type":"Polygon","coordinates":[[[2.3729172,48.8441081],[2.3727933,48.8441788],[2.372741,48.8441435],[2.372739,48.8441312],[2.372747,48.8441197],[2.3728501,48.8440567],[2.3729172,48.8441081]]]}},{"type":"Feature","properties":{"kind":"room","lv":";-2;","minLevel":-2,"name":"\u00e0 Fleurs de pot"},"geometry":{"type":"Polygon","coordinates":[[[2.3727482,48.8442793],[2.3727495,48.8442804],[2.3727054,48.8443045],[2.3726473,48.8442592],[2.3726904,48.8442342],[2.372721,48.8442581],[2.3727482,48.8442793]]]}},{"type":"Feature","properties":{"kind":"room","lv":";-2;","minLevel":-2},"geometry":{"type":"Polygon","coordinates":[[[2.3725765,48.844061],[2.372528,48.8440966],[2.3725582,48.8441178],[2.3726086,48.8440846],[2.3725765,48.844061]]]}},{"type":"Feature","properties":{"kind":"room","lv":";-2;","minLevel":-2},"geometry":{"type":"Polygon","coordinates":[[[2.3726086,48.8440846],[2.3726289,48.8440713],[2.3726571,48.8440689],[2.3728854,48.8439349],[2.3729256,48.8439111],[2.3729428,48.8438799],[2.3728955,48.8438713],[2.3726502,48.844007],[2.3725765,48.844061],[2.3726086,48.8440846]]]}},{"type":"Feature","properties":{"kind":"room","lv":";-2;","minLevel":-2,"name":"Cuir de Lyon"},"geometry":{"type":"Polygon","coordinates":[[[2.372528,48.8440966],[2.3724041,48.8441875],[2.3724249,48.844203],[2.372442,48.8441921],[2.3725254,48.8441388],[2.3725582,48.8441178],[2.372528,48.8440966]]]}},{"type":"Feature","properties":{"kind":"corridor","lv":";-2;","minLevel":-2},"geometry":{"type":"Polygon","coordinates":[[[2.3718351,48.8447038],[2.3718257,48.8446992],[2.371816,48.8446945],[2.3718255,48.8446849],[2.3718155,48.8446803],[2.3718056,48.8446756],[2.3718954,48.8445915],[2.3719325,48.8445865],[2.3719607,48.8445975],[2.3720311,48.8445304],[2.3721041,48.8444643],[2.3721046,48.8444615],[2.3721032,48.8444603],[2.3721002,48.8444596],[2.3720969,48.8444598],[2.372086,48.8444688],[2.3720526,48.8444999],[2.3720441,48.8444961],[2.3720353,48.8444922],[2.3720592,48.8444704],[2.3720493,48.8444657],[2.3720369,48.8444598],[2.3720479,48.8444506],[2.3720624,48.8444399],[2.3720943,48.8444145],[2.3721252,48.8444361],[2.3721536,48.8444514],[2.3721809,48.8444662],[2.3722104,48.8444887],[2.371914,48.8446957],[2.3718711,48.8446692],[2.3718351,48.8447038]]]}},{"type":"Feature","properties":{"kind":"area","lv":";-2;","minLevel":-2},"geometry":{"type":"Polygon","coordinates":[[[2.3747802,48.8431986],[2.3747774,48.8431963],[2.3747901,48.8431895],[2.3747928,48.8431917],[2.3748964,48.8431342],[2.3748937,48.8431321],[2.3749103,48.8431228],[2.374913,48.8431249],[2.3749287,48.8431028],[2.3749326,48.8430973],[2.3749381,48.8430899],[2.374943,48.8430826],[2.3749469,48.8430769],[2.3749514,48.8430701],[2.3749559,48.8430635],[2.3749607,48.8430562],[2.3749764,48.8430351],[2.3749734,48.8430327],[2.3749797,48.8430289],[2.3749081,48.8429736],[2.3748968,48.84298],[2.3748701,48.8429593],[2.3748753,48.8429563],[2.3748285,48.84292],[2.3748209,48.8429141],[2.3748123,48.8429075],[2.3747697,48.8428745],[2.374749,48.8428707],[2.3747351,48.8428743],[2.3746887,48.8429011],[2.3746692,48.8429124],[2.3746933,48.842933],[2.3746688,48.8429499],[2.3746761,48.8429556],[2.3746985,48.8429732],[2.3747284,48.8429967],[2.3747593,48.8429827],[2.374813,48.8430255],[2.3745535,48.8431698],[2.3745602,48.843176],[2.3744274,48.8432495],[2.3744063,48.8432327],[2.3743812,48.8432462],[2.3743151,48.8431952],[2.3742856,48.8432097],[2.3743527,48.843262],[2.3743386,48.8432693],[2.3743283,48.8432756],[2.3743315,48.8432782],[2.3743284,48.8432798],[2.3743414,48.8432905],[2.3743445,48.8432888],[2.37435,48.8432931],[2.3743606,48.8432874],[2.3743656,48.8432915],[2.3743768,48.8433006],[2.3743837,48.8433063],[2.37439,48.8433114],[2.3743961,48.8433164],[2.3744049,48.8433234],[2.3744231,48.8433379],[2.3745128,48.8432887],[2.3745173,48.8432923],[2.3746197,48.8432357],[2.3746151,48.8432321],[2.3746347,48.8432213],[2.3746379,48.8432235],[2.3746564,48.8432201],[2.3746729,48.8432172],[2.3746843,48.8432152],[2.3746956,48.8432133],[2.3747056,48.8432116],[2.3747154,48.8432099],[2.3747259,48.8432081],[2.3747371,48.8432061],[2.3747521,48.8432035],[2.3747802,48.8431986]]]}},{"type":"Feature","properties":{"kind":"area","lv":";-2;","minLevel":-2},"geometry":{"type":"Polygon","coordinates":[[[2.3751068,48.8427991],[2.374981,48.8428695],[2.374976,48.842883],[2.3749827,48.8428949],[2.3749936,48.842903],[2.3750002,48.8429079],[2.374905,48.8429608],[2.3748896,48.8429479],[2.3748753,48.8429563],[2.3748285,48.84292],[2.3748209,48.8429141],[2.3748123,48.8429075],[2.3747697,48.8428745],[2.374749,48.8428707],[2.3747351,48.8428743],[2.3746887,48.8429011],[2.3746804,48.8428945],[2.3746737,48.8428892],[2.3746963,48.8428765],[2.3746881,48.8428697],[2.3746802,48.8428631],[2.3747085,48.8428479],[2.3747225,48.8428587],[2.3747765,48.8428292],[2.3747953,48.8428452],[2.3748691,48.8428046],[2.3748818,48.8428139],[2.3750953,48.8427011],[2.3752583,48.8428376],[2.3753093,48.8428087],[2.3753154,48.8428136],[2.3753216,48.8428178],[2.3752915,48.8428342],[2.3753003,48.8428415],[2.3753088,48.8428477],[2.3752942,48.8428559],[2.3752051,48.842905],[2.3751881,48.8428919],[2.3751708,48.8429012],[2.3751646,48.8428963],[2.3751581,48.8428913],[2.3752154,48.8428605],[2.3751587,48.8428162],[2.3751396,48.8428013],[2.3751229,48.8427973],[2.3751068,48.8427991]]]}},{"type":"Feature","properties":{"kind":"room","lv":";-2;","minLevel":-2},"geometry":{"type":"Polygon","coordinates":[[[2.3751587,48.8428162],[2.3752154,48.8428605],[2.3751581,48.8428913],[2.3750531,48.8429478],[2.3750002,48.8429079],[2.3749936,48.842903],[2.3751587,48.8428162]]]}},{"type":"Feature","properties":{"kind":"area","lv":";-2;","minLevel":-2,"name":"Zone d'\u00e9change RER Galerie Diderot"},"geometry":{"type":"Polygon","coordinates":[[[2.3731055,48.8444511],[2.3731066,48.8444536],[2.3731081,48.8444553],[2.3731548,48.8444928],[2.3731386,48.8445017],[2.3731202,48.8445118],[2.37309,48.8444879],[2.3730757,48.8444957],[2.3730586,48.8445051],[2.3730403,48.8445152],[2.373027,48.8445224],[2.3730572,48.8445463],[2.3730389,48.8445564],[2.373022,48.8445656],[2.3729755,48.8445285],[2.3729732,48.8445273],[2.3729689,48.8445265],[2.372966,48.844527],[2.372962,48.8445279],[2.3728554,48.8445874],[2.3727774,48.8446309],[2.3727224,48.8445887],[2.3727366,48.8445803],[2.3727329,48.8445773],[2.3727975,48.844541],[2.372809,48.8445346],[2.3728261,48.8445252],[2.3728328,48.8445303],[2.3728504,48.8445203],[2.3728438,48.8445152],[2.3728922,48.8444889],[2.3728557,48.8444613],[2.3728819,48.8444468],[2.3728895,48.8444426],[2.3728977,48.8444381],[2.3729061,48.8444336],[2.3729121,48.8444304],[2.3729247,48.8444234],[2.3729977,48.844383],[2.3730057,48.8443785],[2.373014,48.844374],[2.3730227,48.8443691],[2.3730286,48.8443659],[2.3730368,48.8443613],[2.3730694,48.8443875],[2.3730618,48.8443918],[2.3730694,48.8443976],[2.3730768,48.8443934],[2.3730886,48.8444029],[2.3730959,48.8444087],[2.373101,48.8444125],[2.3731129,48.8444219],[2.373131,48.844435],[2.373109,48.8444465],[2.3731063,48.8444491],[2.3731055,48.8444511]]]}},{"type":"Feature","properties":{"kind":"room","lv":";-2;","minLevel":-2},"geometry":{"type":"Polygon","coordinates":[[[2.3725286,48.8444032],[2.3725645,48.8443839],[2.3725373,48.8443626],[2.3725018,48.844382],[2.3725286,48.8444032]]]}},{"type":"Feature","properties":{"kind":"room","lv":";-2;","minLevel":-2},"geometry":{"type":"Polygon","coordinates":[[[2.3741654,48.8435154],[2.374186,48.8435039],[2.3741681,48.8434899],[2.3741474,48.8435014],[2.3741654,48.8435154]]]}},{"type":"Feature","properties":{"kind":"room","lv":";0;","minLevel":0},"geometry":{"type":"Polygon","coordinates":[[[2.3750156,48.843263],[2.3750064,48.8432559],[2.3749293,48.8432986],[2.3749164,48.8433056],[2.3749176,48.8433066],[2.3749226,48.8433106],[2.3749374,48.8433221],[2.3749808,48.8433561],[2.375056,48.8433145],[2.3750709,48.8433063],[2.3750344,48.8432777],[2.3750156,48.843263]]]}},{"type":"Feature","properties":{"kind":"room","lv":";0;","minLevel":0},"geometry":{"type":"Polygon","coordinates":[[[2.3750549,48.8434333],[2.3754149,48.8432385],[2.3752996,48.8431454],[2.3751059,48.8432553],[2.3751699,48.8433066],[2.3751459,48.8433201],[2.3750709,48.8433063],[2.375056,48.8433145],[2.3749808,48.8433561],[2.3750349,48.8434004],[2.375021,48.8434084],[2.3750549,48.8434333]]]}},{"type":"Feature","properties":{"kind":"room","lv":";0;","minLevel":0},"geometry":{"type":"Polygon","coordinates":[[[2.3747233,48.8433922],[2.3746428,48.8433284],[2.3747407,48.8432759],[2.374852,48.8432835],[2.3748525,48.8433216],[2.3747918,48.8433554],[2.3747233,48.8433922]]]}},{"type":"Feature","properties":{"kind":"room","lv":";0;","minLevel":0,"name":"Brioche Dor\u00e9e"},"geometry":{"type":"Polygon","coordinates":[[[2.3759441,48.844027],[2.3759317,48.8440423],[2.3758818,48.8440712],[2.3758469,48.8440763],[2.3757917,48.8440326],[2.3757945,48.8440147],[2.3758591,48.8439802],[2.3758879,48.8439822],[2.3759441,48.844027]]]}},{"type":"Feature","properties":{"kind":"room","lv":";0;","minLevel":0,"name":"Le caf\u00e9 sur l'herbe"},"geometry":{"type":"Polygon","coordinates":[[[2.3748798,48.8434249],[2.3748372,48.8434478],[2.3748101,48.8434624],[2.3747855,48.8434614],[2.3747606,48.8434603],[2.3747417,48.8434455],[2.3747219,48.8434299],[2.3747233,48.8433922],[2.3747918,48.8433554],[2.3748798,48.8434249]]]}},{"type":"Feature","properties":{"kind":"room","lv":";0;","minLevel":0,"name":"Mezzo di Pasta"},"geometry":{"type":"Polygon","coordinates":[[[2.3757021,48.843631],[2.375635,48.8436708],[2.3756329,48.843672],[2.3756552,48.8436892],[2.3757185,48.8437379],[2.3757202,48.843737],[2.3757892,48.8436995],[2.3757021,48.843631]]]}},{"type":"Feature","properties":{"kind":"room","lv":";0;","minLevel":0,"name":"Relay"},"geometry":{"type":"Polygon","coordinates":[[[2.3748525,48.8433216],[2.3747918,48.8433554],[2.3748798,48.8434249],[2.3749265,48.8433998],[2.3749289,48.8433827],[2.3749148,48.8433706],[2.3748919,48.8433532],[2.3748944,48.8433363],[2.3748763,48.8433225],[2.3748525,48.8433216]]]}},{"type":"Feature","properties":{"kind":"room","lv":";0;","minLevel":0,"name":"eat'Shop"},"geometry":{"type":"Polygon","coordinates":[[[2.3758429,48.8437397],[2.3757759,48.84378],[2.3757719,48.8437824],[2.3757963,48.8438013],[2.3758573,48.8438485],[2.3758601,48.843847],[2.3759286,48.8438091],[2.3758429,48.8437397]]]}},{"type":"Feature","properties":{"kind":"yes","lv":";-1;0;","minLevel":-1},"geometry":{"type":"Polygon","coordinates":[[[2.3767814,48.8442879],[2.3768189,48.8442664],[2.3768548,48.8442939],[2.3768128,48.8443168],[2.3767814,48.8442879]]]}},{"type":"Feature","properties":{"kind":"room","lv":";0;","minLevel":0,"name":"Paul"},"geometry":{"type":"Polygon","coordinates":[[[2.3760381,48.8448555],[2.3760719,48.844882],[2.376004,48.8449195],[2.3759702,48.8448929],[2.3759789,48.8448879],[2.3760381,48.8448555]]]}},{"type":"Feature","properties":{"kind":"room","lv":";1;","minLevel":1,"name":"La Croissanterie"},"geometry":{"type":"Polygon","coordinates":[[[2.3731109,48.8444375],[2.3731445,48.8444197],[2.3731065,48.8443887],[2.3730729,48.8444065],[2.3731109,48.8444375]]]}},{"type":"Feature","properties":{"kind":"room","lv":";1;","minLevel":1,"name":"Pret A Manger"},"geometry":{"type":"Polygon","coordinates":[[[2.3739128,48.8451098],[2.3738942,48.8451203],[2.3739948,48.8451976],[2.3739798,48.8453061],[2.3740905,48.8453129],[2.3740926,48.8452923],[2.3741566,48.8452562],[2.3742087,48.8452258],[2.374191,48.8452115],[2.3741642,48.8451897],[2.3741021,48.8452233],[2.3740687,48.8451966],[2.3741307,48.845163],[2.3740002,48.8450602],[2.3739738,48.8450754],[2.3739209,48.8451055],[2.3739128,48.8451098]]]}},{"type":"Feature","properties":{"kind":"room","lv":";1;","minLevel":1,"name":"Relay"},"geometry":{"type":"Polygon","coordinates":[[[2.3736247,48.8451521],[2.3737576,48.8452561],[2.3738567,48.8452628],[2.3738516,48.8452983],[2.3739798,48.8453061],[2.3739948,48.8451976],[2.3738942,48.8451203],[2.373868,48.8451347],[2.3737834,48.8451808],[2.3737425,48.8451479],[2.3736976,48.8451119],[2.3736522,48.845137],[2.3736247,48.8451521]]]}},{"type":"Feature","properties":{"kind":"room","lv":";1;","minLevel":1,"name":"Moleskine"},"geometry":{"type":"Polygon","coordinates":[[[2.3750755,48.8446468],[2.3751016,48.8446323],[2.3751275,48.844618],[2.3750621,48.8445657],[2.3750098,48.8445946],[2.3750755,48.8446468]]]}},{"type":"Feature","properties":{"kind":"room","lv":";1;","minLevel":1,"name":"Maison Pradier"},"geometry":{"type":"Polygon","coordinates":[[[2.3755751,48.8442097],[2.3755241,48.8442371],[2.3755573,48.8442641],[2.3756084,48.8442367],[2.3755751,48.8442097]]]}},{"type":"Feature","properties":{"kind":"room","lv":";0;","minLevel":0},"geometry":{"type":"Polygon","coordinates":[[[2.373912,48.8453557],[2.3737532,48.8453485],[2.3737477,48.8453551],[2.374012,48.8455332],[2.3740402,48.8455191],[2.374043,48.8454901],[2.3739775,48.8454867],[2.3740018,48.8453796],[2.3739623,48.845358],[2.373912,48.8453557]]]}},{"type":"Feature","properties":{"kind":"room","lv":";0;","minLevel":0},"geometry":{"type":"Polygon","coordinates":[[[2.373917,48.845316],[2.3737203,48.8453023],[2.3736885,48.845324],[2.373662,48.8453102],[2.3735681,48.8452365],[2.3731524,48.8449148],[2.37308,48.8448667],[2.3730499,48.8448423],[2.3732661,48.8447199],[2.3734389,48.844858],[2.3736074,48.844989],[2.3737212,48.8450765],[2.3738012,48.8451357],[2.3738224,48.845152],[2.3738324,48.8451597],[2.3738434,48.8451681],[2.3739422,48.8452439],[2.3739412,48.8452527],[2.3738831,48.8452503],[2.3738776,48.8452996],[2.3739193,48.8453019],[2.373917,48.845316]]]}},{"type":"Feature","properties":{"kind":"room","lv":";0;","minLevel":0},"geometry":{"type":"Polygon","coordinates":[[[2.3732334,48.8446944],[2.373014,48.8448128],[2.372799,48.8446409],[2.3726444,48.8445243],[2.3728224,48.8444247],[2.3730147,48.8443194],[2.3731049,48.8443923],[2.3729837,48.844458],[2.3730365,48.8444978],[2.3730459,48.8445051],[2.3730338,48.844512],[2.3730583,48.8445315],[2.3730242,48.8445502],[2.3730839,48.8445963],[2.3730968,48.8445888],[2.3731106,48.8445988],[2.3730967,48.8446067],[2.3731677,48.8446624],[2.3731831,48.8446542],[2.3732334,48.8446944]]]}},{"type":"Feature","properties":{"kind":"room","lv":";0;","minLevel":0},"geometry":{"type":"Polygon","coordinates":[[[2.3759912,48.844632],[2.3757026,48.844793],[2.375736,48.8448197],[2.3758688,48.8449262],[2.3759101,48.8449592],[2.3759557,48.8449958],[2.3759973,48.8449735],[2.3759611,48.8449443],[2.376004,48.8449195],[2.3759702,48.8448929],[2.3759789,48.8448879],[2.3760381,48.8448555],[2.3759356,48.8447762],[2.3759461,48.8447703],[2.3759448,48.8447691],[2.3759441,48.8447677],[2.3759441,48.8447661],[2.375945,48.8447646],[2.3759465,48.8447635],[2.3759486,48.8447627],[2.3759513,48.8447625],[2.3759538,48.844763],[2.3759559,48.8447641],[2.3759563,48.8447647],[2.3760751,48.8446987],[2.3759912,48.844632]]]}},{"type":"Feature","properties":{"kind":"room","lv":";0;","minLevel":0},"geometry":{"type":"Polygon","coordinates":[[[2.3766969,48.8442141],[2.3766164,48.8442595],[2.3764884,48.8441617],[2.3764605,48.8441771],[2.3764219,48.8441975],[2.3764214,48.844201],[2.3764291,48.8442068],[2.3763691,48.8442396],[2.3764072,48.8442688],[2.3764485,48.8442462],[2.3765426,48.8443244],[2.3765927,48.8442975],[2.3766377,48.8442733],[2.3767168,48.8442309],[2.3766969,48.8442141]]]}},{"type":"Feature","properties":{"kind":"level","lv":";0;","minLevel":0},"geometry":{"type":"Polygon","coordinates":[[[2.3736713,48.844204],[2.3738216,48.8441246],[2.3738257,48.8441279],[2.3746047,48.8436963],[2.3745909,48.8436852],[2.3746786,48.8436377],[2.3746575,48.8436208],[2.3747012,48.8435971],[2.3747097,48.843604],[2.3747067,48.8436056],[2.3747138,48.843612],[2.3747203,48.8436167],[2.3747334,48.84361],[2.3748437,48.8436166],[2.3749313,48.8436842],[2.3749303,48.843689],[2.374896,48.8437075],[2.3748965,48.8437166],[2.3748969,48.8437257],[2.3749045,48.8437319],[2.3749134,48.8437383],[2.3749261,48.84374],[2.3749391,48.8437417],[2.3749749,48.8437224],[2.3749797,48.8437226],[2.3749847,48.8437265],[2.3750375,48.8437674],[2.3750406,48.8437698],[2.3750412,48.8437736],[2.3750064,48.8437937],[2.37501,48.8438056],[2.3750137,48.8438177],[2.3750208,48.8438242],[2.3750296,48.8438303],[2.3750434,48.8438325],[2.3750577,48.8438347],[2.375092,48.8438154],[2.3750968,48.8438155],[2.3751073,48.8438224],[2.3751327,48.8438426],[2.3751441,48.8438511],[2.3751483,48.8438545],[2.3751479,48.8438581],[2.3751129,48.8438786],[2.3751219,48.8439034],[2.3751213,48.8439037],[2.375127,48.8439081],[2.3751326,48.8439124],[2.3751841,48.8438841],[2.375193,48.8438792],[2.3752017,48.8438858],[2.3752104,48.8438924],[2.3751998,48.8438984],[2.3752282,48.8439213],[2.3752335,48.8439188],[2.3752391,48.8439188],[2.3753035,48.8439696],[2.375304,48.8439735],[2.375301,48.8439751],[2.3752593,48.8439977],[2.3752608,48.8440169],[2.3752682,48.8440236],[2.3752758,48.8440293],[2.3753047,48.8440334],[2.3753464,48.844011],[2.3753497,48.8440092],[2.3753557,48.84401],[2.3753643,48.8440168],[2.3754333,48.8440706],[2.3754445,48.8440795],[2.3754442,48.8440836],[2.3754417,48.844085],[2.3753996,48.8441076],[2.3754013,48.8441264],[2.3754099,48.8441331],[2.3754184,48.8441389],[2.3754455,48.8441435],[2.3754871,48.8441207],[2.3754876,48.8441205],[2.3754899,48.8441192],[2.3754959,48.8441196],[2.3754993,48.8441222],[2.3754907,48.8441276],[2.3755295,48.8441581],[2.3755461,48.8441489],[2.3757959,48.8443476],[2.3757904,48.8443514],[2.3758049,48.8443671],[2.3758168,48.8443763],[2.3760836,48.8445802],[2.3759912,48.844632],[2.3757026,48.844793],[2.375736,48.8448197],[2.3758688,48.8449262],[2.3759101,48.8449592],[2.3759557,48.8449958],[2.3759756,48.8450117],[2.3759959,48.845028],[2.3760745,48.8449836],[2.3762324,48.8448969],[2.3763461,48.8448334],[2.3763982,48.8448044],[2.376385,48.8447938],[2.3763483,48.844766],[2.3763356,48.8447564],[2.3763239,48.8447474],[2.3763126,48.8447383],[2.3762947,48.8447247],[2.3764142,48.8446585],[2.3764409,48.8446442],[2.3764675,48.8446298],[2.3765742,48.8445722],[2.3766009,48.8445579],[2.3766275,48.8445435],[2.3767439,48.8444765],[2.3767878,48.8445107],[2.3767994,48.8445198],[2.3768109,48.8445288],[2.3768132,48.8445306],[2.3768467,48.8445123],[2.3768766,48.8444963],[2.3769016,48.8445164],[2.3769131,48.8445255],[2.3769245,48.8445347],[2.3769492,48.8445545],[2.3771258,48.8444613],[2.3771542,48.8444458],[2.3771616,48.8444418],[2.3771707,48.8444368],[2.3774119,48.8443047],[2.3773012,48.8442153],[2.377192,48.844127],[2.3770614,48.8440161],[2.3766969,48.8442141],[2.3766164,48.8442595],[2.3764884,48.8441617],[2.3764605,48.8441771],[2.3764306,48.8441522],[2.376391,48.844174],[2.3763848,48.8441735],[2.3763777,48.8441677],[2.3763986,48.8441543],[2.3760047,48.8438492],[2.3759889,48.8438554],[2.3759837,48.8438507],[2.3759852,48.843846],[2.3761447,48.8437578],[2.3761492,48.8437344],[2.3761635,48.8437257],[2.3761574,48.8437208],[2.3761503,48.8437152],[2.3761337,48.8437238],[2.3761003,48.8437214],[2.375939,48.8438105],[2.3759286,48.8438091],[2.3758429,48.8437397],[2.3758447,48.8437368],[2.3760057,48.8436465],[2.3760098,48.8436241],[2.3760418,48.8436068],[2.3760345,48.8436011],[2.376027,48.8435954],[2.3759957,48.8436121],[2.3759611,48.8436106],[2.3757892,48.8436995],[2.3757021,48.843631],[2.3757021,48.8436261],[2.3758661,48.8435378],[2.3758709,48.8435144],[2.3759027,48.8434972],[2.3758946,48.8434909],[2.375886,48.8434843],[2.375853,48.8435024],[2.3758193,48.8435007],[2.3756564,48.8435904],[2.3756474,48.8435885],[2.3755794,48.8436266],[2.375564,48.8436353],[2.3755684,48.8436387],[2.3755551,48.843646],[2.3755507,48.8436425],[2.3755151,48.8436621],[2.3754489,48.8437031],[2.3753576,48.8437544],[2.3753484,48.8437596],[2.3753419,48.8437589],[2.3752829,48.8437128],[2.3752832,48.8437087],[2.37532,48.8436889],[2.3753186,48.8436714],[2.3753101,48.8436643],[2.3753025,48.843658],[2.3752682,48.8436479],[2.3752319,48.8436675],[2.3752254,48.8436668],[2.3752184,48.8436613],[2.3751725,48.8436248],[2.3751662,48.8436198],[2.3751674,48.843616],[2.3752008,48.8435982],[2.3752023,48.8435883],[2.3752038,48.8435789],[2.3751953,48.8435718],[2.3751884,48.8435656],[2.3751745,48.8435636],[2.3751602,48.8435615],[2.3751234,48.8435821],[2.3751167,48.843581],[2.3750308,48.8435134],[2.3750399,48.8434419],[2.3750549,48.8434333],[2.3754149,48.8432385],[2.3752996,48.8431454],[2.3751059,48.8432553],[2.3750398,48.8432492],[2.3750327,48.8432414],[2.3750014,48.8432402],[2.3749782,48.8432384],[2.3749517,48.8432368],[2.3749346,48.8432361],[2.374852,48.8432835],[2.3747407,48.8432759],[2.3746428,48.8433284],[2.3745908,48.8433553],[2.3745853,48.8434185],[2.3745829,48.8434362],[2.3745813,48.8434526],[2.3745789,48.8434692],[2.3745759,48.843496],[2.3745637,48.8435026],[2.3744435,48.8435683],[2.3744342,48.843561],[2.3743954,48.8435827],[2.3744104,48.8435943],[2.3743439,48.8436314],[2.3743353,48.8436246],[2.3743209,48.843624],[2.3742027,48.8436891],[2.3742016,48.8436998],[2.3742051,48.8437024],[2.374102,48.8437599],[2.3740882,48.843749],[2.3740696,48.8437483],[2.3740455,48.8437473],[2.3740423,48.8437471],[2.3734037,48.8441052],[2.3733161,48.8441534],[2.3732314,48.8442],[2.3732207,48.8442059],[2.3731755,48.8442314],[2.3731169,48.8442634],[2.3730712,48.8442881],[2.3730147,48.8443194],[2.3728224,48.8444247],[2.3726444,48.8445243],[2.372799,48.8446409],[2.373014,48.8448128],[2.3730499,48.8448423],[2.37308,48.8448667],[2.3731524,48.8449148],[2.3735681,48.8452365],[2.373662,48.8453102],[2.3736885,48.845324],[2.3737477,48.8453551],[2.374012,48.8455332],[2.3740402,48.8455191],[2.374043,48.8454901],[2.3740513,48.8454147],[2.3741577,48.8453571],[2.3741511,48.845351],[2.3741391,48.8453398],[2.3741288,48.8453301],[2.3741084,48.8453331],[2.3741329,48.8452947],[2.374164,48.8452868],[2.3740516,48.8452059],[2.3740036,48.8451714],[2.374067,48.8451357],[2.3739751,48.8450632],[2.3740213,48.8450378],[2.3739305,48.8449644],[2.3738267,48.8448826],[2.3737385,48.8448112],[2.3735956,48.8446966],[2.37354,48.8446534],[2.3734847,48.8446091],[2.373388,48.8445322],[2.3733406,48.8444955],[2.3734337,48.8444454],[2.373556,48.8443782],[2.373589,48.8442488],[2.3735973,48.8442446],[2.3736713,48.844204]]]}},{"type":"Feature","properties":{"kind":"room","lv":";0;","minLevel":0},"geometry":{"type":"Polygon","coordinates":[[[2.3759889,48.8438554],[2.3759215,48.8438902],[2.3759214,48.8438959],[2.3760023,48.8439583],[2.3760435,48.8439357],[2.3761067,48.8439854],[2.376103,48.8439877],[2.3761543,48.8440282],[2.3761514,48.8440299],[2.3762127,48.8440786],[2.3762233,48.8440836],[2.3762671,48.8441176],[2.3763454,48.8441728],[2.3763037,48.8441952],[2.3763132,48.8442027],[2.3763777,48.8441677],[2.3763986,48.8441543],[2.3760047,48.8438492],[2.3759889,48.8438554]]]}},{"type":"Feature","properties":{"kind":"room","lv":";0;","minLevel":0},"geometry":{"type":"Polygon","coordinates":[[[2.3766969,48.8442141],[2.3767168,48.8442309],[2.3767726,48.8441998],[2.3768169,48.844235],[2.3769508,48.8441617],[2.3771336,48.8443081],[2.3771915,48.8442758],[2.3773012,48.8442153],[2.377192,48.844127],[2.3770614,48.8440161],[2.3766969,48.8442141]]]}},{"type":"Feature","properties":{"kind":"room","lv":";1;","minLevel":1},"geometry":{"type":"Polygon","coordinates":[[[2.3730008,48.8446976],[2.3729118,48.8446276],[2.3729618,48.8446021],[2.3730208,48.8445709],[2.3730346,48.8445819],[2.3730481,48.8445923],[2.3730414,48.844596],[2.3730367,48.8445983],[2.3730333,48.8445959],[2.3730013,48.8446138],[2.3729638,48.8446345],[2.3730247,48.8446815],[2.3730008,48.8446976]]]}},{"type":"Feature","properties":{"kind":"room","lv":";1;","minLevel":1},"geometry":{"type":"Polygon","coordinates":[[[2.3751154,48.8445363],[2.3752189,48.8444795],[2.3752835,48.8445313],[2.3753136,48.8445545],[2.3754186,48.8444938],[2.3753904,48.8444715],[2.3754397,48.8444435],[2.3754345,48.8444389],[2.3753582,48.844379],[2.3753741,48.8443703],[2.3753326,48.8443377],[2.3753623,48.8443214],[2.3753559,48.8443164],[2.3753695,48.8443089],[2.3753639,48.8443045],[2.3752459,48.8443708],[2.3745105,48.8447781],[2.3745583,48.8448158],[2.3746959,48.8447393],[2.3747106,48.844731],[2.3746822,48.8447087],[2.3747632,48.8446638],[2.3747696,48.8446688],[2.3747907,48.8446571],[2.3747866,48.844654],[2.3748539,48.8446166],[2.3749268,48.8445763],[2.3749332,48.8445813],[2.3749399,48.8445776],[2.3749827,48.8446097],[2.3750098,48.8445946],[2.3750621,48.8445657],[2.3751154,48.8445363]]]}},{"type":"Feature","properties":{"kind":"level","lv":";1;","minLevel":1},"geometry":{"type":"Polygon","coordinates":[[[2.3751563,48.843326],[2.3750944,48.8432762],[2.3750466,48.8432378],[2.3750149,48.8432123],[2.3749879,48.8432276],[2.3749366,48.8432245],[2.3748214,48.8432177],[2.3748104,48.8432914],[2.37477,48.843314],[2.3745687,48.843429],[2.3743458,48.8435519],[2.3741626,48.8436529],[2.3739756,48.8436615],[2.3739673,48.8436561],[2.373767,48.8437677],[2.3736027,48.8438592],[2.3736113,48.8438659],[2.3736057,48.8439085],[2.3736231,48.8439226],[2.3736115,48.8439291],[2.3735653,48.8439549],[2.3735651,48.8439714],[2.3735312,48.8439904],[2.3735214,48.8439828],[2.3733298,48.8440879],[2.3733016,48.8440861],[2.373298,48.8441047],[2.3731693,48.8441753],[2.3730171,48.8442588],[2.3729724,48.8442834],[2.3730039,48.8443075],[2.3726726,48.8444853],[2.3727816,48.8445656],[2.3728427,48.8446106],[2.372883,48.8446423],[2.3728147,48.8446798],[2.3728597,48.8447152],[2.3729046,48.8447506],[2.372943,48.8447295],[2.3729505,48.8447252],[2.3729861,48.8447524],[2.3730337,48.8447888],[2.3730261,48.8447928],[2.3730552,48.8448149],[2.3730763,48.8448308],[2.373085,48.844826],[2.3731497,48.8448752],[2.3732033,48.8449207],[2.3733038,48.8450001],[2.3734255,48.8450965],[2.3734951,48.8451501],[2.3734838,48.8451564],[2.3735136,48.8451803],[2.3735383,48.8452003],[2.3735494,48.8451949],[2.3736271,48.8452573],[2.3736446,48.8452494],[2.3736734,48.8452697],[2.3737103,48.8452847],[2.3737579,48.8452926],[2.3739798,48.8453061],[2.3740905,48.8453129],[2.3741348,48.8453105],[2.3741616,48.8453027],[2.3741951,48.8452842],[2.374244,48.8452545],[2.3742449,48.845254],[2.3742715,48.8452394],[2.3742877,48.8452309],[2.3743044,48.845222],[2.3743228,48.8452121],[2.3743394,48.8452034],[2.3743555,48.8451947],[2.3743667,48.8452179],[2.3744967,48.8451753],[2.3746536,48.8450888],[2.3747596,48.8450305],[2.3748635,48.8449732],[2.3749177,48.8449437],[2.3751241,48.8448298],[2.3753885,48.8446836],[2.3753448,48.8446492],[2.375353,48.8446446],[2.3753727,48.8446337],[2.3753954,48.8446211],[2.3754553,48.8445891],[2.3754705,48.8445813],[2.3754952,48.8445685],[2.3755061,48.8445629],[2.3756076,48.8446417],[2.3757463,48.8447537],[2.3757193,48.8447681],[2.3756915,48.8447841],[2.375736,48.8448197],[2.3758688,48.8449262],[2.3759101,48.8449592],[2.3759557,48.8449958],[2.3759756,48.8450117],[2.3759865,48.8450058],[2.3761847,48.8448965],[2.3765302,48.8447064],[2.3765373,48.844712],[2.3765508,48.8447227],[2.3765906,48.8447008],[2.3766295,48.8446792],[2.3766803,48.8446511],[2.3768575,48.8445531],[2.3770627,48.8444389],[2.3769614,48.8443602],[2.3767563,48.8444744],[2.3765794,48.8445715],[2.3765509,48.8445483],[2.3765266,48.8445286],[2.3764979,48.8445049],[2.3764763,48.8444823],[2.3764526,48.8444576],[2.3763837,48.8444077],[2.376357,48.8443867],[2.3763227,48.8443597],[2.3762625,48.8443125],[2.376244,48.8442978],[2.3762083,48.8442696],[2.3761481,48.844222],[2.3761275,48.8442058],[2.3760926,48.8441785],[2.3760316,48.8441303],[2.3759962,48.8441019],[2.3759759,48.8440857],[2.3759168,48.8440398],[2.3758906,48.8440202],[2.3758776,48.8440271],[2.3758717,48.8440225],[2.375861,48.8440143],[2.3758731,48.8440066],[2.3758552,48.8439926],[2.3758331,48.8439753],[2.3753259,48.8435064],[2.3751563,48.843326]]]}},{"type":"Feature","properties":{"kind":"room","lv":";1;","minLevel":1},"geometry":{"type":"Polygon","coordinates":[[[2.3735712,48.8450179],[2.3735216,48.8449788],[2.3734929,48.8449562],[2.3734887,48.8449528],[2.3735015,48.8449462],[2.3735146,48.844955],[2.3735187,48.8449358],[2.373492,48.8449147],[2.3734628,48.8449312],[2.373449,48.844921],[2.3733038,48.8450001],[2.3734255,48.8450965],[2.3735712,48.8450179]]]}},{"type":"Feature","properties":{"kind":"room","lv":";1;","minLevel":1},"geometry":{"type":"Polygon","coordinates":[[[2.3755494,48.8445964],[2.3755061,48.8445629],[2.3755565,48.8445343],[2.3755852,48.8445578],[2.3755626,48.8445699],[2.3755773,48.8445817],[2.3755494,48.8445964]]]}},{"type":"Feature","properties":{"kind":"room","lv":";1;","minLevel":1},"geometry":{"type":"Polygon","coordinates":[[[2.3759036,48.8446667],[2.3757463,48.8447537],[2.3756076,48.8446417],[2.3755973,48.8446341],[2.3757064,48.8445756],[2.3757451,48.8446039],[2.3757904,48.8445795],[2.3758148,48.8445983],[2.3758342,48.8446133],[2.3759036,48.8446667]]]}},{"type":"Feature","properties":{"kind":"room","lv":";1;","minLevel":1,"name":"Monop Daily"},"geometry":{"type":"Polygon","coordinates":[[[2.3759481,48.8447803],[2.3759746,48.8447658],[2.3760011,48.8447512],[2.3761069,48.8448348],[2.3761208,48.8448458],[2.3760658,48.8448751],[2.3759696,48.8447976],[2.3759481,48.8447803]]]}},{"type":"Feature","properties":{"kind":"room","lv":";1;","minLevel":1},"geometry":{"type":"Polygon","coordinates":[[[2.3727816,48.8445656],[2.3728427,48.8446106],[2.372883,48.8446423],[2.3729118,48.8446276],[2.3729618,48.8446021],[2.3730208,48.8445709],[2.3729831,48.8445409],[2.3730359,48.8445121],[2.3730875,48.8445531],[2.3731001,48.8445461],[2.3729843,48.8444549],[2.3727816,48.8445656]]]}},{"type":"Feature","properties":{"kind":"room","lv":";1;","minLevel":1},"geometry":{"type":"Polygon","coordinates":[[[2.3740905,48.8453129],[2.3741348,48.8453105],[2.3741616,48.8453027],[2.3741951,48.8452842],[2.374244,48.8452545],[2.3742087,48.8452258],[2.3741566,48.8452562],[2.3740926,48.8452923],[2.3740905,48.8453129]]]}},{"type":"Feature","properties":{"kind":"area","lv":";2;","minLevel":2,"name":"Mezzanine"},"geometry":{"type":"Polygon","coordinates":[[[2.3762942,48.8448361],[2.3762595,48.8448088],[2.3760812,48.8448635],[2.3760671,48.844844],[2.3760572,48.8448296],[2.3760507,48.8448205],[2.3760203,48.8447779],[2.3760376,48.8447727],[2.3760489,48.8447819],[2.3760909,48.8447571],[2.3760998,48.8447638],[2.3761086,48.8447706],[2.3760652,48.8447953],[2.3760818,48.8448079],[2.3760971,48.8448201],[2.3761109,48.8448306],[2.3764246,48.8446565],[2.3764738,48.8446972],[2.3764882,48.844689],[2.3764998,48.8446823],[2.3765302,48.8447064],[2.3762942,48.8448361]]]}},{"type":"Feature","properties":{"kind":"room","lv":";1;","minLevel":1},"geometry":{"type":"Polygon","coordinates":[[[2.3753581,48.844591],[2.3754179,48.8445582],[2.3754553,48.8445891],[2.3753954,48.8446211],[2.3753581,48.844591]]]}},{"type":"Feature","properties":{"kind":"area","lv":";2;","minLevel":2},"geometry":{"type":"Polygon","coordinates":[[[2.3762966,48.8448103],[2.3762536,48.8447764],[2.3764265,48.8446811],[2.3764704,48.8447155],[2.3762966,48.8448103]]]}},{"type":"Feature","properties":{"kind":"corridor","lv":";2;","minLevel":2},"geometry":{"type":"Polygon","coordinates":[[[2.3758976,48.8447506],[2.3758738,48.8447641],[2.3758196,48.8447948],[2.3758105,48.8447874],[2.3758035,48.8447816],[2.3757634,48.8448042],[2.3757989,48.8448298],[2.375914,48.8447642],[2.3758976,48.8447506]]]}},{"type":"Feature","properties":{"kind":"area","lv":";1;","minLevel":1},"geometry":{"type":"Polygon","coordinates":[[[2.3753581,48.844591],[2.3754179,48.8445582],[2.3754553,48.8445891],[2.3754705,48.8445813],[2.3754952,48.8445685],[2.3755061,48.8445629],[2.3755565,48.8445343],[2.3755738,48.8445244],[2.3756559,48.8444775],[2.3755956,48.84443],[2.3755359,48.844383],[2.3754591,48.8444253],[2.3754345,48.8444389],[2.3754397,48.8444435],[2.3753904,48.8444715],[2.3754186,48.8444938],[2.3753136,48.8445545],[2.3753367,48.8445735],[2.3753581,48.844591]]]}},{"type":"Feature","properties":{"kind":"room","lv":";2;","minLevel":2,"name":"Starbucks"},"geometry":{"type":"Polygon","coordinates":[[[2.3762595,48.8448088],[2.3760812,48.8448635],[2.3760671,48.844844],[2.3760572,48.8448296],[2.3758647,48.8449108],[2.3759865,48.8450058],[2.3761847,48.8448965],[2.3762942,48.8448361],[2.3762595,48.8448088]]]}},{"type":"Feature","properties":{"kind":"room","lv":";0;","minLevel":0},"geometry":{"type":"Polygon","coordinates":[[[2.3740036,48.8451714],[2.374067,48.8451357],[2.3739751,48.8450632],[2.3739592,48.8450719],[2.3739429,48.8450585],[2.3738931,48.8450853],[2.3739017,48.8450919],[2.3740036,48.8451714]]]}},{"type":"Feature","properties":{"kind":"area","lv":";0;","minLevel":0},"geometry":{"type":"Polygon","coordinates":[[[2.3763152,48.8443651],[2.3763803,48.8444164],[2.3762752,48.8444731],[2.3762695,48.8444765],[2.3762666,48.844478],[2.3762569,48.8444699],[2.3762012,48.8444277],[2.3763152,48.8443651]]]}},{"type":"Feature","properties":{"kind":"room","lv":";0;","minLevel":0},"geometry":{"type":"Polygon","coordinates":[[[2.3734389,48.8443287],[2.3735052,48.8442932],[2.373589,48.8442488],[2.373556,48.8443782],[2.3734337,48.8444454],[2.3733542,48.8443798],[2.3733678,48.8443722],[2.3733713,48.8443746],[2.3733956,48.8443608],[2.3733896,48.8443566],[2.3734389,48.8443287]]]}},{"type":"Feature","properties":{"kind":"room","lv":";1;","minLevel":1,"name":"2theloo"},"geometry":{"type":"Polygon","coordinates":[[[2.3767563,48.8444744],[2.376781,48.8444606],[2.3769614,48.8443602],[2.3770627,48.8444389],[2.3768575,48.8445531],[2.3767563,48.8444744]]]}},{"type":"Feature","properties":{"kind":"room","lv":";1;","minLevel":1,"name":"Paul"},"geometry":{"type":"Polygon","coordinates":[[[2.3768575,48.8445531],[2.3766803,48.8446511],[2.3766414,48.8446205],[2.3766278,48.8446098],[2.3765972,48.8445859],[2.3765794,48.8445715],[2.3767563,48.8444744],[2.3768575,48.8445531]]]}},{"type":"Feature","properties":{"kind":"room","lv":";-1;","minLevel":-1},"geometry":{"type":"Polygon","coordinates":[[[2.3738395,48.8456974],[2.3739,48.8456625],[2.3740008,48.8457386],[2.3738917,48.8457331],[2.3738395,48.8456974]]]}},{"type":"Feature","properties":{"kind":"room","lv":";-1;","minLevel":-1},"geometry":{"type":"Polygon","coordinates":[[[2.3739899,48.8456048],[2.3741133,48.8456967],[2.374166,48.8456666],[2.3740417,48.8455746],[2.3739899,48.8456048]]]}},{"type":"Feature","properties":{"kind":"room","lv":";-1;","minLevel":-1,"name":"Le Bottier"},"geometry":{"type":"Polygon","coordinates":[[[2.3739853,48.845364],[2.3739955,48.8452862],[2.3740243,48.8452879],[2.3740151,48.8453653],[2.3739853,48.845364]]]}},{"type":"Feature","properties":{"kind":"corridor","lv":";-1;","minLevel":-1,"name":"Connexion espace RER - M\u00e9tro ligne 1"},"geometry":{"type":"Polygon","coordinates":[[[2.3735112,48.8448613],[2.3736677,48.8449834],[2.3738532,48.845128],[2.3739185,48.8451789],[2.3740012,48.8452434],[2.3739955,48.8452862],[2.3739853,48.845364],[2.3739695,48.8454899],[2.3740191,48.8454917],[2.3740433,48.8454926],[2.3740412,48.8455116],[2.373995,48.84554],[2.3740417,48.8455746],[2.374166,48.8456666],[2.3741133,48.8456967],[2.3740008,48.8457386],[2.3739,48.8456625],[2.3738262,48.8456078],[2.37379,48.8456069],[2.3737455,48.845633],[2.3736857,48.8455921],[2.373756,48.845549],[2.3738242,48.8455072],[2.3737833,48.8454811],[2.3738218,48.8454568],[2.3738379,48.8454674],[2.3738653,48.8454501],[2.3738732,48.8454556],[2.3738819,48.8454503],[2.3738909,48.8453773],[2.3739058,48.8453709],[2.3739192,48.8452442],[2.3731434,48.8446383],[2.3731253,48.8446471],[2.373083,48.8446145],[2.3731003,48.8446049],[2.3731193,48.8445944],[2.3731301,48.8446028],[2.3731437,48.8445953],[2.3731619,48.8445851],[2.3731789,48.8445757],[2.3731892,48.84457],[2.3731784,48.8445616],[2.3731991,48.8445501],[2.3732158,48.8445408],[2.3732436,48.8445641],[2.3732413,48.8445844],[2.3732575,48.8445971],[2.3732431,48.8446466],[2.3733434,48.8447278],[2.3734332,48.8448004],[2.3734322,48.8448064],[2.373503,48.8448612],[2.3735112,48.8448613]]]}},{"type":"Feature","properties":{"kind":"room","lv":";-1;","minLevel":-1},"geometry":{"type":"Polygon","coordinates":[[[2.373995,48.84554],[2.3739635,48.8455585],[2.3739625,48.8455845],[2.3739899,48.8456048],[2.3740417,48.8455746],[2.373995,48.84554]]]}},{"type":"Feature","properties":{"kind":"room","lv":";-1;","minLevel":-1},"geometry":{"type":"Polygon","coordinates":[[[2.3735597,48.8448338],[2.3735187,48.8448571],[2.3735112,48.8448613],[2.373503,48.8448612],[2.3734322,48.8448064],[2.3734332,48.8448004],[2.3734822,48.8447735],[2.3735597,48.8448338]]]}},{"type":"Feature","properties":{"kind":"room","lv":";-1;","minLevel":-1},"geometry":{"type":"Polygon","coordinates":[[[2.3739185,48.8451789],[2.3738532,48.845128],[2.3739015,48.8451014],[2.3739667,48.8451525],[2.3739185,48.8451789]]]}},{"type":"Feature","properties":{"kind":"room","lv":";-1;","minLevel":-1},"geometry":{"type":"Polygon","coordinates":[[[2.3733434,48.8447278],[2.3732431,48.8446466],[2.3732575,48.8445971],[2.373389,48.8447004],[2.3733434,48.8447278]]]}},{"type":"Feature","properties":{"kind":"room","lv":";-1;","minLevel":-1,"name":"Le Labo"},"geometry":{"type":"Polygon","coordinates":[[[2.3736677,48.8449834],[2.3738532,48.845128],[2.3739015,48.8451014],[2.3737154,48.8449557],[2.3736677,48.8449834]]]}},{"type":"Feature","properties":{"kind":"room","lv":";-1;","minLevel":-1},"geometry":{"type":"Polygon","coordinates":[[[2.3739955,48.8452862],[2.3740012,48.8452434],[2.3740306,48.8452352],[2.3740243,48.8452879],[2.3739955,48.8452862]]]}},{"type":"Feature","properties":{"kind":"room","lv":";-1;","minLevel":-1,"name":"Presty Store"},"geometry":{"type":"Polygon","coordinates":[[[2.3740012,48.8452434],[2.3739185,48.8451789],[2.3739667,48.8451525],[2.3740342,48.8452053],[2.3740306,48.8452352],[2.3740012,48.8452434]]]}},{"type":"Feature","properties":{"kind":"room","lv":";-1;","minLevel":-1,"name":"Presty Women"},"geometry":{"type":"Polygon","coordinates":[[[2.3734822,48.8447735],[2.373389,48.8447004],[2.3733434,48.8447278],[2.3734332,48.8448004],[2.3734822,48.8447735]]]}},{"type":"Feature","properties":{"kind":"room","lv":";-1;","minLevel":-1,"name":"Shirel"},"geometry":{"type":"Polygon","coordinates":[[[2.3737455,48.845633],[2.3738395,48.8456974],[2.3739,48.8456625],[2.3738262,48.8456078],[2.37379,48.8456069],[2.3737455,48.845633]]]}},{"type":"Feature","properties":{"kind":"room","lv":";-1;","minLevel":-1,"name":"Lovisa"},"geometry":{"type":"Polygon","coordinates":[[[2.3735187,48.8448571],[2.3735112,48.8448613],[2.3736677,48.8449834],[2.3737154,48.8449557],[2.3735597,48.8448338],[2.3735187,48.8448571]]]}},{"type":"Feature","properties":{"kind":"corridor","lv":";0;","minLevel":0},"geometry":{"type":"Polygon","coordinates":[[[2.3733032,48.8446763],[2.373312,48.8446828],[2.3733205,48.8446891],[2.3732661,48.8447199],[2.3730499,48.8448423],[2.373014,48.8448128],[2.3732334,48.8446944],[2.3732484,48.8447064],[2.3733032,48.8446763]]]}},{"type":"Feature","properties":{"kind":"room","lv":";1;","minLevel":1,"name":"Pierre Herm\u00e9"},"geometry":{"type":"Polygon","coordinates":[[[2.3742089,48.8449477],[2.3742009,48.8449518],[2.3741978,48.8449493],[2.3741613,48.8449693],[2.3741634,48.844971],[2.374148,48.8449794],[2.3741455,48.8449775],[2.3741266,48.8449879],[2.3741095,48.8449973],[2.3741121,48.8449994],[2.3741017,48.8450051],[2.3742375,48.8451125],[2.374267,48.8450961],[2.3743444,48.8450531],[2.3742089,48.8449477]]]}},{"type":"Feature","properties":{"kind":"room","lv":";1;","minLevel":1,"name":"Will\u2019s"},"geometry":{"type":"Polygon","coordinates":[[[2.3760618,48.844583],[2.3760979,48.8446118],[2.3761543,48.8445811],[2.3761182,48.8445523],[2.3760618,48.844583]]]}},{"type":"Feature","properties":{"kind":"area","lv":";0;","minLevel":0},"geometry":{"type":"Polygon","coordinates":[[[2.3756317,48.8438464],[2.3755807,48.8438446],[2.3755658,48.8438472],[2.3755527,48.843855],[2.3755454,48.843863],[2.3755457,48.8438726],[2.3755519,48.8438909],[2.3755583,48.843898],[2.3755727,48.843909],[2.375593,48.8439245],[2.3756692,48.8439825],[2.3756839,48.8439927],[2.3756911,48.8439958],[2.375708,48.8439988],[2.3757297,48.8439951],[2.3757392,48.8439866],[2.3757441,48.8439747],[2.3757402,48.8439278],[2.3756317,48.8438464]]]}},{"type":"Feature","properties":{"kind":"yes","lv":";0;","minLevel":0,"name":"Potager de la Gare de Lyon"},"geometry":{"type":"Polygon","coordinates":[[[2.377168,48.8443353],[2.377244,48.844397],[2.3771707,48.8444368],[2.3771616,48.8444418],[2.3770842,48.8443813],[2.3771222,48.8443602],[2.377168,48.8443353]]]}},{"type":"Feature","properties":{"kind":"room","lv":";-2;-1;0;","minLevel":-2},"geometry":{"type":"Polygon","coordinates":[[[2.3750156,48.843263],[2.3750344,48.8432777],[2.3750466,48.843271],[2.3750589,48.8432642],[2.3750401,48.8432495],[2.375028,48.8432562],[2.3750156,48.843263]]]}},{"type":"Feature","properties":{"kind":"area","lv":";1;","minLevel":1},"geometry":{"type":"Polygon","coordinates":[[[2.3766803,48.8446511],[2.3766295,48.8446792],[2.3765899,48.8446491],[2.3766414,48.8446205],[2.3766803,48.8446511]]]}},{"type":"Feature","properties":{"kind":"platform","lv":";1;","minLevel":1,"name":"B"},"geometry":{"type":"Polygon","coordinates":[[[2.3741928,48.8448765],[2.3742504,48.8449213],[2.3743116,48.8448878],[2.3744153,48.8448306],[2.3745105,48.8447781],[2.3752459,48.8443708],[2.3753639,48.8443045],[2.3754014,48.8442838],[2.3753985,48.8442811],[2.3754031,48.8442784],[2.3754128,48.8442725],[2.3754157,48.844275],[2.3754528,48.8442548],[2.3754498,48.8442524],[2.3754652,48.8442441],[2.3754682,48.8442465],[2.3755061,48.8442259],[2.3755031,48.8442235],[2.3755185,48.8442152],[2.3755215,48.8442176],[2.3755577,48.844197],[2.3755547,48.8441946],[2.3755701,48.8441863],[2.3755731,48.8441887],[2.3756103,48.844168],[2.3756073,48.8441655],[2.3756227,48.8441572],[2.3756257,48.8441597],[2.3756622,48.8441388],[2.3756591,48.8441363],[2.3756745,48.844128],[2.3756775,48.8441305],[2.3757144,48.8441098],[2.3757119,48.8441079],[2.3757273,48.8440996],[2.3757294,48.8441011],[2.3757497,48.8440899],[2.3757665,48.8440806],[2.3757639,48.8440786],[2.3757792,48.8440701],[2.375782,48.8440723],[2.3758194,48.8440516],[2.3758166,48.8440495],[2.3758316,48.8440412],[2.3758348,48.8440435],[2.3758717,48.8440225],[2.375861,48.8440143],[2.3758731,48.8440066],[2.3758552,48.8439926],[2.3758331,48.8439753],[2.3741928,48.8448765]]]}},{"type":"Feature","properties":{"kind":"platform","lv":";1;","minLevel":1,"name":"Voie 5"},"geometry":{"type":"Polygon","coordinates":[[[2.3759168,48.8440398],[2.3758906,48.8440202],[2.3758731,48.8440066],[2.3758552,48.8439926],[2.3758331,48.8439753],[2.3781977,48.8426718],[2.3785353,48.8424908],[2.3787637,48.8423946],[2.3789578,48.8423123],[2.3789967,48.8423366],[2.3785113,48.8426129],[2.3783127,48.8427192],[2.3779449,48.8429227],[2.3759168,48.8440398]]]}},{"type":"Feature","properties":{"kind":"platform","lv":";1;","minLevel":1},"geometry":{"type":"Polygon","coordinates":[[[2.3733905,48.8442112],[2.3741219,48.8438158],[2.3741324,48.8438101],[2.3741411,48.8438053],[2.3750855,48.8432814],[2.375235,48.8431999],[2.3752704,48.8431806],[2.3759011,48.8428366],[2.3759021,48.8428361],[2.3767019,48.8424001],[2.3769388,48.8422711],[2.3769703,48.8422962],[2.3769698,48.8422965],[2.3754609,48.8431241],[2.3751154,48.8433119],[2.373469,48.8442181],[2.3734961,48.8442411],[2.3734748,48.8442526],[2.3734259,48.8442793],[2.3734053,48.8442636],[2.3734371,48.8442466],[2.3733905,48.8442112]]]}},{"type":"Feature","properties":{"kind":"room","lv":";0;","minLevel":0,"name":"Adopt'"},"geometry":{"type":"Polygon","coordinates":[[[2.3729837,48.844458],[2.3730365,48.8444978],[2.3730594,48.8444848],[2.3730703,48.8444935],[2.3731095,48.8444718],[2.373148,48.8444504],[2.3731393,48.8444434],[2.3731585,48.8444328],[2.3731338,48.844414],[2.3731049,48.8443923],[2.3729837,48.844458]]]}},{"type":"Feature","properties":{"kind":"room","lv":";1;","minLevel":1,"name":"Groot"},"geometry":{"type":"Polygon","coordinates":[[[2.3758231,48.8445979],[2.3758867,48.8446494],[2.375941,48.8446204],[2.3758775,48.8445689],[2.3758231,48.8445979]]]}},{"type":"Feature","properties":{"kind":"room","lv":";0;","minLevel":0},"geometry":{"type":"Polygon","coordinates":[[[2.3767012,48.8443243],[2.376748,48.8442989],[2.3767598,48.8442923],[2.3767726,48.844285],[2.3768222,48.8442569],[2.3768352,48.8442495],[2.3768169,48.844235],[2.3767726,48.8441998],[2.3767168,48.8442309],[2.3766377,48.8442733],[2.3767012,48.8443243]]]}},{"type":"Feature","properties":{"kind":"room","lv":";0;","minLevel":0,"name":"Picto"},"geometry":{"type":"Polygon","coordinates":[[[2.376376,48.8445261],[2.376434,48.8444937],[2.3764095,48.8444747],[2.3763515,48.844507],[2.376376,48.8445261]]]}},{"type":"Feature","properties":{"kind":"room","lv":";0;","minLevel":0,"name":"Franprix"},"geometry":{"type":"Polygon","coordinates":[[[2.3733117,48.8442639],[2.3733036,48.8442575],[2.3732314,48.8442],[2.3732207,48.8442059],[2.3731755,48.8442314],[2.3731169,48.8442634],[2.3731489,48.8442877],[2.3731629,48.84428],[2.3731718,48.8442872],[2.3731973,48.8442728],[2.3732289,48.8442983],[2.3732036,48.8443119],[2.3732137,48.84432],[2.3732141,48.8443182],[2.3732715,48.8442863],[2.3733117,48.8442639]]]}},{"type":"Feature","properties":{"kind":"room","lv":";0;","minLevel":0},"geometry":{"type":"Polygon","coordinates":[[[2.3733284,48.8442546],[2.373354,48.8442403],[2.3733964,48.8442167],[2.3733161,48.8441534],[2.3732314,48.8442],[2.3733036,48.8442575],[2.3733206,48.8442483],[2.3733284,48.8442546]]]}},{"type":"Feature","properties":{"kind":"room","lv":";0;","minLevel":0,"name":"La Fabrique Cookies"},"geometry":{"type":"Polygon","coordinates":[[[2.3730594,48.8444848],[2.3730703,48.8444935],[2.3730941,48.844512],[2.3730583,48.8445315],[2.3730338,48.844512],[2.3730459,48.8445051],[2.3730365,48.8444978],[2.3730594,48.8444848]]]}},{"type":"Feature","properties":{"kind":"room","lv":";1;","minLevel":1,"name":"Trenitalia"},"geometry":{"type":"Polygon","coordinates":[[[2.3730875,48.8445531],[2.3730724,48.8445613],[2.3730346,48.8445819],[2.3730208,48.8445709],[2.3729831,48.8445409],[2.3730359,48.8445121],[2.3730875,48.8445531]]]}},{"type":"Feature","properties":{"kind":"room","lv":";1;","minLevel":1,"name":"Big Fernand"},"geometry":{"type":"Polygon","coordinates":[[[2.3730247,48.8446815],[2.3730973,48.8446424],[2.3731309,48.8446698],[2.3731796,48.8447094],[2.373126,48.8447387],[2.3730337,48.8447888],[2.3729861,48.8447524],[2.3729505,48.8447252],[2.3730008,48.8446976],[2.3730247,48.8446815]]]}},{"type":"Feature","properties":{"kind":"room","lv":";-2;","minLevel":-2},"geometry":{"type":"Polygon","coordinates":[[[2.3755371,48.8427264],[2.3755657,48.8427102],[2.3755687,48.8427128],[2.3755858,48.8427036],[2.3753887,48.842546],[2.3750953,48.8427011],[2.3752583,48.8428376],[2.3753093,48.8428087],[2.3753437,48.8427884],[2.3754042,48.8427549],[2.3754344,48.84278],[2.3755371,48.8427264]]]}},{"type":"Feature","properties":{"kind":"room","lv":";-2;","minLevel":-2},"geometry":{"type":"Polygon","coordinates":[[[2.3747853,48.8434131],[2.3748059,48.8434016],[2.374788,48.8433876],[2.3747673,48.8433991],[2.3747853,48.8434131]]]}},{"type":"Feature","properties":{"kind":"room","lv":";-2;0;1;","minLevel":-2},"geometry":{"type":"Polygon","coordinates":[[[2.3740992,48.8437723],[2.3741233,48.8437588],[2.3741492,48.8437794],[2.3741251,48.8437921],[2.3741122,48.8437822],[2.3740992,48.8437723]]]}},{"type":"Feature","properties":{"kind":"room","lv":";-4;-3;-2;","minLevel":-4},"geometry":{"type":"Polygon","coordinates":[[[2.373255,48.8440445],[2.373237,48.8440301],[2.3732599,48.8440177],[2.3732778,48.8440321],[2.3732664,48.8440383],[2.373255,48.8440445]]]}},{"type":"Feature","properties":{"kind":"room","lv":";-4;-3;-2;","minLevel":-4},"geometry":{"type":"Polygon","coordinates":[[[2.3733466,48.8442101],[2.3733654,48.8442254],[2.3733934,48.8442097],[2.3733746,48.8441946],[2.3733602,48.8442026],[2.3733466,48.8442101]]]}},{"type":"Feature","properties":{"kind":"yes","lv":";-1;0;","minLevel":-1},"geometry":{"type":"Polygon","coordinates":[[[2.376249,48.8449473],[2.3762224,48.8449612],[2.3762255,48.8449709],[2.3762307,48.8449776],[2.3762399,48.8449831],[2.3762484,48.8449857],[2.3762553,48.8449862],[2.3762801,48.8449728],[2.376249,48.8449473]]]}},{"type":"Feature","properties":{"kind":"corridor","lv":";0;","minLevel":0},"geometry":{"type":"Polygon","coordinates":[[[2.3762913,48.844952],[2.3762609,48.8449269],[2.3762497,48.8449331],[2.3762388,48.8449391],[2.376249,48.8449473],[2.3762526,48.8449503],[2.3762622,48.8449581],[2.3762718,48.844966],[2.3762801,48.8449728],[2.376286,48.8449776],[2.3762464,48.8450007],[2.3762608,48.845004],[2.3762806,48.8450047],[2.3762967,48.8450016],[2.3763111,48.8449974],[2.3763289,48.8449864],[2.3763371,48.8449801],[2.376346,48.8449732],[2.3763228,48.8449642],[2.3762913,48.844952]]]}},{"type":"Feature","properties":{"kind":"area","lv":";2;","minLevel":2},"geometry":{"type":"Polygon","coordinates":[[[2.3734283,48.8449062],[2.3734533,48.8448923],[2.3734661,48.844885],[2.3734033,48.8448361],[2.37339,48.8448432],[2.3733652,48.8448571],[2.3733961,48.8448803],[2.3734283,48.8449062]]]}},{"type":"Feature","properties":{"kind":"room","lv":";1;","minLevel":1},"geometry":{"type":"Polygon","coordinates":[[[2.3733905,48.8442112],[2.37336,48.8442277],[2.3733658,48.8442323],[2.3734053,48.8442636],[2.3734371,48.8442466],[2.3733905,48.8442112]]]}},{"type":"Feature","properties":{"kind":"room","lv":";1;","minLevel":1,"name":"Miniso"},"geometry":{"type":"Polygon","coordinates":[[[2.3746035,48.8450582],[2.3745975,48.8450532],[2.3746067,48.8450485],[2.3745901,48.845035],[2.3744309,48.8451229],[2.374448,48.8451361],[2.3744565,48.8451312],[2.3744628,48.8451358],[2.3744538,48.845141],[2.3744967,48.8451753],[2.3746536,48.8450888],[2.3746114,48.8450539],[2.3746035,48.8450582]]]}},{"type":"Feature","properties":{"kind":"room","lv":";1;","minLevel":1},"geometry":{"type":"Polygon","coordinates":[[[2.3741021,48.8452233],[2.3741642,48.8451897],[2.3741307,48.845163],[2.3740687,48.8451966],[2.3741021,48.8452233]]]}},{"type":"Feature","properties":{"kind":"room","lv":";1;","minLevel":1,"name":"Salon Grand Voyageur"},"geometry":{"type":"Polygon","coordinates":[[[2.374301,48.8449485],[2.3743524,48.8449208],[2.3743116,48.8448878],[2.3742504,48.8449213],[2.3742137,48.8449414],[2.3742162,48.8449434],[2.3742089,48.8449477],[2.3743444,48.8450531],[2.3743705,48.8450389],[2.3743968,48.845024],[2.3743566,48.8449912],[2.3743453,48.8449825],[2.3743349,48.8449745],[2.374301,48.8449485]]]}},{"type":"Feature","properties":{"kind":"room","lv":";1;","minLevel":1,"name":"Ladur\u00e9e"},"geometry":{"type":"Polygon","coordinates":[[[2.3750621,48.8445657],[2.3751275,48.844618],[2.3751603,48.8445997],[2.3751795,48.8445891],[2.3751154,48.8445363],[2.3750621,48.8445657]]]}},{"type":"Feature","properties":{"kind":"room","lv":";1;","minLevel":1,"name":"Nespresso"},"geometry":{"type":"Polygon","coordinates":[[[2.3750827,48.8447938],[2.3750747,48.8447983],[2.3750684,48.8447932],[2.3750772,48.8447885],[2.3750606,48.8447751],[2.3749311,48.8448467],[2.374852,48.8448903],[2.3748686,48.8449036],[2.3748761,48.8448996],[2.3748821,48.8449045],[2.3748742,48.8449091],[2.3749177,48.8449437],[2.3751241,48.8448298],[2.3750827,48.8447938]]]}},{"type":"Feature","properties":{"kind":"corridor","lv":";1;","minLevel":1},"geometry":{"type":"Polygon","coordinates":[[[2.3748742,48.8449091],[2.3748657,48.8449137],[2.3748594,48.8449086],[2.3748686,48.8449036],[2.374852,48.8448903],[2.3748249,48.8449053],[2.3747986,48.8449198],[2.3748148,48.844933],[2.3748228,48.8449288],[2.374829,48.8449337],[2.37482,48.8449386],[2.3748635,48.8449732],[2.3749177,48.8449437],[2.3748742,48.8449091]]]}},{"type":"Feature","properties":{"kind":"room","lv":";1;","minLevel":1,"name":"Cluizel"},"geometry":{"type":"Polygon","coordinates":[[[2.3747596,48.8450305],[2.3748635,48.8449732],[2.37482,48.8449386],[2.3748125,48.8449429],[2.3748061,48.8449377],[2.3748148,48.844933],[2.3747986,48.8449198],[2.3747211,48.8449627],[2.3746948,48.8449772],[2.3747115,48.8449907],[2.374719,48.8449867],[2.3747247,48.8449913],[2.3747165,48.8449958],[2.3747596,48.8450305]]]}},{"type":"Feature","properties":{"kind":"room","lv":";1;","minLevel":1,"name":"Izipizi"},"geometry":{"type":"Polygon","coordinates":[[[2.3747165,48.8449958],[2.3747082,48.8450005],[2.3747023,48.8449956],[2.3747115,48.8449907],[2.3746948,48.8449772],[2.3746163,48.8450205],[2.3745901,48.845035],[2.3746067,48.8450485],[2.3746143,48.8450444],[2.3746201,48.8450491],[2.3746114,48.8450539],[2.3746536,48.8450888],[2.3747596,48.8450305],[2.3747165,48.8449958]]]}},{"type":"Feature","properties":{"kind":"yes","lv":";1;","minLevel":1},"geometry":{"type":"Polygon","coordinates":[[[2.3760771,48.8446432],[2.3759638,48.8447039],[2.3759265,48.8447234],[2.3758974,48.8447386],[2.3760771,48.8446432]]]}},{"type":"Feature","properties":{"kind":"yes","lv":";1;","minLevel":1},"geometry":{"type":"Polygon","coordinates":[[[2.3757193,48.8447681],[2.3757442,48.8447871],[2.375937,48.8446809],[2.3759638,48.8447039],[2.3757193,48.8447681]]]}},{"type":"Feature","properties":{"kind":"yes","lv":";0;","minLevel":0},"geometry":{"type":"Polygon","coordinates":[[[2.3758057,48.844272],[2.3757967,48.8442645],[2.3758553,48.8442314],[2.3760905,48.844111],[2.3758057,48.844272]]]}},{"type":"Feature","properties":{"kind":"yes","lv":";1;","minLevel":1},"geometry":{"type":"Polygon","coordinates":[[[2.3753367,48.8445735],[2.3753157,48.8445851],[2.3747328,48.844907],[2.3746304,48.8449636],[2.3744185,48.8450806],[2.3742633,48.8451663],[2.3753367,48.8445735]]]}},{"type":"Feature","properties":{"kind":"yes","lv":";1;","minLevel":1},"geometry":{"type":"Polygon","coordinates":[[[2.3735901,48.8444899],[2.3735808,48.8445183],[2.3735951,48.8445298],[2.3736573,48.8445784],[2.3736831,48.8445985],[2.373758,48.8446603],[2.3738961,48.844771],[2.3739623,48.8448247],[2.3739755,48.8448354],[2.3739934,48.8448497],[2.37401,48.8448631],[2.3740238,48.8448742],[2.3740417,48.8448886],[2.3741171,48.8449491],[2.3735901,48.8444899]]]}},{"type":"Feature","properties":{"kind":"yes","lv":";1;","minLevel":1},"geometry":{"type":"Polygon","coordinates":[[[2.3734976,48.8445189],[2.3735165,48.8445082],[2.3735729,48.8444763],[2.3736315,48.8444394],[2.3747719,48.8438054],[2.3748094,48.843806],[2.3753205,48.8435265],[2.3753259,48.8435064],[2.3766085,48.8427999],[2.3770311,48.8425679],[2.3734976,48.8445189]]]}},{"type":"Feature","properties":{"kind":"yes","lv":";1;","minLevel":1},"geometry":{"type":"Polygon","coordinates":[[[2.3732916,48.8444782],[2.373227,48.8444264],[2.3731887,48.8443957],[2.3731191,48.8443402],[2.3730788,48.844308],[2.3732916,48.8444782]]]}},{"type":"Feature","properties":{"kind":"platform","lv":";1;","minLevel":1},"geometry":{"type":"Polygon","coordinates":[[[2.3771976,48.8442108],[2.377204,48.8442243],[2.3772217,48.844234],[2.3772412,48.8442377],[2.377269,48.8442362],[2.3772915,48.8442254],[2.3774638,48.8441117],[2.3774933,48.8441137],[2.377663,48.8440016],[2.3776911,48.8440036],[2.3778594,48.843892],[2.3778886,48.8438937],[2.3780593,48.8437819],[2.3780807,48.8437839],[2.3780867,48.8437828],[2.3780935,48.8437775],[2.3780891,48.8437475],[2.3780827,48.8437417],[2.378067,48.8437375],[2.3780502,48.843738],[2.3780314,48.8437439],[2.3771976,48.8442108]]]}},{"type":"Feature","properties":{"kind":"room","lv":";0;1;","minLevel":0},"geometry":{"type":"Polygon","coordinates":[[[2.3760896,48.8445218],[2.3761094,48.8445373],[2.3761403,48.8445203],[2.3761304,48.8445125],[2.3761206,48.8445048],[2.3760896,48.8445218]]]}},{"type":"Feature","properties":{"kind":"yes","lv":";1;","minLevel":1},"geometry":{"type":"Polygon","coordinates":[[[2.3737425,48.8451479],[2.3737813,48.8451291],[2.3738304,48.8451053],[2.3738834,48.845077],[2.3737425,48.8451479]]]}},{"type":"Feature","properties":{"kind":"yes","lv":";1;","minLevel":1},"geometry":{"type":"Polygon","coordinates":[[[2.3741122,48.8437822],[2.3741031,48.8437873],[2.3741324,48.8438101],[2.3741409,48.8438167],[2.3734266,48.8442135],[2.3734748,48.8442526],[2.3735217,48.8442925],[2.3741122,48.8437822]]]}},{"type":"Feature","properties":{"kind":"yes","lv":";1;","minLevel":1},"geometry":{"type":"Polygon","coordinates":[[[2.3734572,48.8443849],[2.3734757,48.8443182],[2.3735217,48.8442925],[2.3746206,48.8436952],[2.3751801,48.843383],[2.3768748,48.8424634],[2.3734572,48.8443849]]]}},{"type":"Feature","properties":{"kind":"yes","lv":";1;","minLevel":1},"geometry":{"type":"Polygon","coordinates":[[[2.3736573,48.8445784],[2.3737445,48.8445274],[2.3748719,48.8439042],[2.3748969,48.8438675],[2.3754195,48.8435849],[2.3754695,48.843575],[2.3771111,48.8426666],[2.3736573,48.8445784]]]}},{"type":"Feature","properties":{"kind":"yes","lv":";1;","minLevel":1},"geometry":{"type":"Polygon","coordinates":[[[2.3742005,48.8449166],[2.3757213,48.8440674],[2.3758552,48.8439926],[2.3785276,48.8425482],[2.3742005,48.8449166]]]}},{"type":"Feature","properties":{"kind":"yes","lv":";1;","minLevel":1},"geometry":{"type":"Polygon","coordinates":[[[2.3738335,48.8446217],[2.3739043,48.8446791],[2.373973,48.8447349],[2.3741162,48.8448457],[2.3742005,48.8449166],[2.3738335,48.8446217]]]}},{"type":"Feature","properties":{"kind":"yes","lv":";1;","minLevel":1},"geometry":{"type":"Polygon","coordinates":[[[2.373758,48.8446603],[2.3738081,48.8446365],[2.3738335,48.8446217],[2.3738519,48.844611],[2.3749876,48.8439831],[2.375002,48.8439564],[2.3755977,48.8436277],[2.3758718,48.8434794],[2.3759978,48.8434105],[2.3760237,48.8434099],[2.3764525,48.843177],[2.3773649,48.8426815],[2.3776312,48.8425556],[2.373758,48.8446603]]]}},{"type":"Feature","properties":{"kind":"yes","lv":";1;","minLevel":1},"geometry":{"type":"Polygon","coordinates":[[[2.3740417,48.8448886],[2.3740931,48.8448592],[2.3741162,48.8448457],[2.3741374,48.8448333],[2.3752526,48.8442222],[2.3752758,48.8441827],[2.3761247,48.8437153],[2.3762818,48.8436324],[2.3763222,48.843626],[2.3768736,48.8433191],[2.3778938,48.8427637],[2.3740417,48.8448886]]]}},{"type":"Feature","properties":{"kind":"yes","lv":";1;","minLevel":1},"geometry":{"type":"Polygon","coordinates":[[[2.3777425,48.8426679],[2.377635,48.8427222],[2.3761803,48.8435178],[2.376144,48.8435183],[2.3759853,48.8436047],[2.3751382,48.8440712],[2.3751226,48.8441004],[2.3739951,48.8447225],[2.373973,48.8447349],[2.3739503,48.8447476],[2.3738961,48.844771],[2.373664,48.8449051],[2.3736092,48.8449368],[2.3735721,48.8449547],[2.3735673,48.8449572],[2.3777425,48.8426679]]]}},{"type":"Feature","properties":{"kind":"yes","lv":";0;","minLevel":0},"geometry":{"type":"Polygon","coordinates":[[[2.3765155,48.8443869],[2.3764718,48.844413],[2.3762839,48.8445216],[2.3762197,48.8445583],[2.3765155,48.8443869]]]}},{"type":"Feature","properties":{"kind":"yes","lv":";0;","minLevel":0},"geometry":{"type":"Polygon","coordinates":[[[2.3760814,48.8444036],[2.3760963,48.8443482],[2.376213,48.8442845],[2.3762743,48.8442566],[2.3764058,48.8441852],[2.3760814,48.8444036]]]}},{"type":"Feature","properties":{"kind":"yes","lv":";-2;","minLevel":-2},"geometry":{"type":"Polygon","coordinates":[[[2.3748946,48.8435982],[2.3749187,48.8435853],[2.3749379,48.8435749],[2.3749672,48.8435592],[2.3749981,48.8435426],[2.3748946,48.8435982]]]}},{"type":"Feature","properties":{"kind":"yes","lv":";-2;","minLevel":-2},"geometry":{"type":"Polygon","coordinates":[[[2.374679,48.8435418],[2.3747527,48.8435944],[2.3748946,48.8435982],[2.374924,48.8436267],[2.374679,48.8435418]]]}},{"type":"Feature","properties":{"kind":"yes","lv":";-2;","minLevel":-2},"geometry":{"type":"Polygon","coordinates":[[[2.3724649,48.8444713],[2.3724379,48.8444864],[2.3724709,48.8445122],[2.3725583,48.844583],[2.3724649,48.8444713]]]}},{"type":"Feature","properties":{"kind":"yes","lv":";-2;","minLevel":-2},"geometry":{"type":"Polygon","coordinates":[[[2.3732664,48.8440383],[2.3733003,48.8440538],[2.373403,48.8440999],[2.3734724,48.8441311],[2.3735107,48.8441483],[2.3735363,48.8441676],[2.3736147,48.8442266],[2.3736093,48.8442294],[2.3732664,48.8440383]]]}},{"type":"Feature","properties":{"kind":"yes","lv":";-2;","minLevel":-2},"geometry":{"type":"Polygon","coordinates":[[[2.3739705,48.8439298],[2.3738534,48.8438341],[2.3737932,48.8437834],[2.3737027,48.8437124],[2.3732774,48.8434457],[2.3733756,48.8433723],[2.3733576,48.8433621],[2.3739705,48.8439298]]]}},{"type":"Feature","properties":{"kind":"yes","lv":";-2;","minLevel":-2},"geometry":{"type":"Polygon","coordinates":[[[2.3751681,48.8429458],[2.3751968,48.8429309],[2.3752124,48.8429437],[2.3752641,48.8429861],[2.3753324,48.843042],[2.3753701,48.8430729],[2.3753886,48.8430881],[2.3753739,48.843095],[2.3751681,48.8429458]]]}},{"type":"Feature","properties":{"kind":"yes","lv":";-2;","minLevel":-2},"geometry":{"type":"Polygon","coordinates":[[[2.3740916,48.8434953],[2.3741868,48.843572],[2.3742497,48.8436203],[2.3743667,48.8437128],[2.3740916,48.8434953]]]}},{"type":"Feature","properties":{"kind":"yes","lv":";-2;","minLevel":-2},"geometry":{"type":"Polygon","coordinates":[[[2.3730061,48.8439144],[2.3731331,48.8440153],[2.3731685,48.8440453],[2.3731947,48.8440681],[2.3732278,48.844093],[2.3733034,48.8441567],[2.3733461,48.8441919],[2.3733602,48.8442026],[2.3730061,48.8439144]]]}},{"type":"Feature","properties":{"kind":"yes","lv":";-2;","minLevel":-2},"geometry":{"type":"Polygon","coordinates":[[[2.3724709,48.8445122],[2.3726217,48.8444268],[2.3727475,48.8443556],[2.3728485,48.8442984],[2.3732278,48.844093],[2.3733003,48.8440538],[2.3734192,48.8439894],[2.3735504,48.8439184],[2.3736394,48.8438702],[2.3737932,48.8437834],[2.3741868,48.843572],[2.374322,48.8434993],[2.3744101,48.8434498],[2.3746046,48.8433404],[2.3747637,48.8432542],[2.3751139,48.8430655],[2.3752641,48.8429861],[2.3753596,48.8429008],[2.3754433,48.8428551],[2.375606,48.842766],[2.3724709,48.8445122]]]}},{"type":"Feature","properties":{"kind":"yes","lv":";-2;","minLevel":-2},"geometry":{"type":"Polygon","coordinates":[[[2.3757106,48.8428501],[2.3755521,48.8429392],[2.3753324,48.843042],[2.3751758,48.8431203],[2.3749813,48.8432218],[2.3748283,48.8433016],[2.3746653,48.843392],[2.3744723,48.843499],[2.3743836,48.843548],[2.3742497,48.8436203],[2.3738534,48.8438341],[2.3736989,48.8439175],[2.3736205,48.8439711],[2.3735768,48.8440009],[2.3734915,48.8440495],[2.373403,48.8440999],[2.3733034,48.8441567],[2.3729402,48.8443629],[2.3728324,48.8444232],[2.3727119,48.844491],[2.3725583,48.844583],[2.3725986,48.8446146],[2.3726361,48.8446171],[2.3757106,48.8428501]]]}},{"type":"Feature","properties":{"kind":"yes","lv":";-2;","minLevel":-2},"geometry":{"type":"Polygon","coordinates":[[[2.3748397,48.8429037],[2.3748966,48.842873],[2.3751148,48.8427554],[2.3752399,48.842855],[2.3753003,48.8428415],[2.3748397,48.8429037]]]}},{"type":"Feature","properties":{"kind":"yes","lv":";-2;","minLevel":-2},"geometry":{"type":"Polygon","coordinates":[[[2.3746804,48.8428945],[2.374768,48.8428457],[2.3748397,48.8429037],[2.3748209,48.8429141],[2.3747576,48.8429489],[2.3746804,48.8428945]]]}},{"type":"Feature","properties":{"kind":"yes","lv":";-2;","minLevel":-2},"geometry":{"type":"Polygon","coordinates":[[[2.3746422,48.8431639],[2.3747056,48.8432116],[2.3747637,48.8432542],[2.3748283,48.8433016],[2.3748891,48.8433462],[2.3749516,48.8433925],[2.3750125,48.843443],[2.3749981,48.8435426],[2.3750329,48.8435663],[2.3746422,48.8431639]]]}},{"type":"Feature","properties":{"kind":"yes","lv":";-2;","minLevel":-2},"geometry":{"type":"Polygon","coordinates":[[[2.372721,48.8442581],[2.3727595,48.844236],[2.3729514,48.8441243],[2.3731331,48.8440153],[2.3735256,48.8437826],[2.3737027,48.8437124],[2.3740916,48.8434953],[2.3741868,48.8434445],[2.3742036,48.8434021],[2.3743837,48.8433063],[2.3746422,48.8431639],[2.3748665,48.8430403],[2.3747576,48.8429489],[2.3747296,48.8429255],[2.3746761,48.8429556],[2.372721,48.8442581]]]}},{"type":"Feature","properties":{"kind":"yes","lv":";-2;","minLevel":-2},"geometry":{"type":"Polygon","coordinates":[[[2.3726336,48.8441468],[2.3727059,48.8441984],[2.3727595,48.844236],[2.3728485,48.8442984],[2.3729402,48.8443629],[2.3729816,48.8443919],[2.3730451,48.8444382],[2.3731386,48.8445017],[2.3726336,48.8441468]]]}},{"type":"Feature","properties":{"kind":"yes","lv":";-2;","minLevel":-2},"geometry":{"type":"Polygon","coordinates":[[[2.3718155,48.8446803],[2.37189,48.8446168],[2.3719778,48.8446043],[2.3720676,48.8445262],[2.3721536,48.8444514],[2.3726336,48.8441468],[2.3729225,48.8439635],[2.3730061,48.8439144],[2.3730464,48.8438902],[2.373091,48.8438634],[2.3718155,48.8446803]]]}},{"type":"Feature","properties":{"kind":"yes","lv":";-2;","minLevel":-2},"geometry":{"type":"Polygon","coordinates":[[[2.3750466,48.843271],[2.375098,48.8433123],[2.3749516,48.8433925],[2.3748136,48.8434681],[2.374679,48.8435418],[2.3743667,48.8437128],[2.3739705,48.8439298],[2.3735363,48.8441676],[2.3730959,48.8444087],[2.3730451,48.8444382],[2.3730042,48.8444619],[2.3729527,48.8444908],[2.3750466,48.843271]]]}},{"type":"Feature","properties":{"kind":"yes","lv":";-1;","minLevel":-1},"geometry":{"type":"Polygon","coordinates":[[[2.3731003,48.8446049],[2.3731196,48.8446199],[2.3731768,48.8446222],[2.3732123,48.8445611],[2.3731991,48.8445501],[2.3731003,48.8446049]]]}},{"type":"Feature","properties":{"kind":"yes","lv":";-1;","minLevel":-1},"geometry":{"type":"Polygon","coordinates":[[[2.373756,48.845549],[2.3738486,48.8455659],[2.3739301,48.8455239],[2.3739617,48.8452418],[2.3731768,48.8446222],[2.3731437,48.8445953],[2.373756,48.845549]]]}},{"type":"Feature","properties":{"kind":"yes","lv":";1;","minLevel":1},"geometry":{"type":"Polygon","coordinates":[[[2.3757213,48.8440674],[2.3757497,48.8440899],[2.3757965,48.8441298],[2.3758132,48.8441734],[2.3757213,48.8440674]]]}},{"type":"Feature","properties":{"kind":"yes","lv":";-3;","minLevel":-3},"geometry":{"type":"Polygon","coordinates":[[[2.3751476,48.8430192],[2.3751178,48.8429971],[2.3750996,48.8429838],[2.3750804,48.8429696],[2.3751476,48.8430192]]]}},{"type":"Feature","properties":{"kind":"yes","lv":";-3;","minLevel":-3},"geometry":{"type":"Polygon","coordinates":[[[2.3734411,48.8438754],[2.3734639,48.8438928],[2.3734815,48.8439061],[2.3735072,48.8439257],[2.3734411,48.8438754]]]}},{"type":"Feature","properties":{"kind":"yes","lv":";-3;","minLevel":-3},"geometry":{"type":"Polygon","coordinates":[[[2.3753581,48.8429024],[2.3753277,48.8428801],[2.3753124,48.8428688],[2.3753103,48.8428672],[2.3752908,48.8428529],[2.3753581,48.8429024]]]}},{"type":"Feature","properties":{"kind":"yes","lv":";-3;","minLevel":-3},"geometry":{"type":"Polygon","coordinates":[[[2.3729657,48.8441351],[2.3729937,48.8441564],[2.3730108,48.8441694],[2.3730318,48.8441854],[2.3729657,48.8441351]]]}},{"type":"Feature","properties":{"kind":"yes","lv":";-3;","minLevel":-3},"geometry":{"type":"Polygon","coordinates":[[[2.3724132,48.8445275],[2.3723723,48.844501],[2.3727468,48.8442562],[2.3729657,48.8441351],[2.3731727,48.8440224],[2.3734411,48.8438754],[2.3735679,48.843807],[2.3737676,48.8436957],[2.3740503,48.8435368],[2.3745684,48.8432541],[2.3746988,48.8431808],[2.3747533,48.843151],[2.3748755,48.843084],[2.3750804,48.8429696],[2.3752908,48.8428529],[2.3754489,48.8427651],[2.3755433,48.8427128],[2.3724132,48.8445275]]]}},{"type":"Feature","properties":{"kind":"yes","lv":";-3;","minLevel":-3},"geometry":{"type":"Polygon","coordinates":[[[2.3755161,48.8428147],[2.3754783,48.8427864],[2.37547,48.8427806],[2.3754489,48.8427651],[2.3755161,48.8428147]]]}},{"type":"Feature","properties":{"kind":"yes","lv":";-3;","minLevel":-3},"geometry":{"type":"Polygon","coordinates":[[[2.3740503,48.8435368],[2.3740793,48.84356],[2.3740947,48.8435724],[2.3741134,48.8435874],[2.3740503,48.8435368]]]}},{"type":"Feature","properties":{"kind":"yes","lv":";-3;","minLevel":-3},"geometry":{"type":"Polygon","coordinates":[[[2.3747661,48.8432304],[2.3747409,48.8432119],[2.3747247,48.8431999],[2.3746988,48.8431808],[2.3747661,48.8432304]]]}},{"type":"Feature","properties":{"kind":"yes","lv":";-3;","minLevel":-3},"geometry":{"type":"Polygon","coordinates":[[[2.3737676,48.8436957],[2.3737962,48.8437174],[2.3738121,48.8437295],[2.3738337,48.8437459],[2.3737676,48.8436957]]]}},{"type":"Feature","properties":{"kind":"yes","lv":";-3;","minLevel":-3},"geometry":{"type":"Polygon","coordinates":[[[2.3724132,48.8445275],[2.3728115,48.8443072],[2.3730318,48.8441854],[2.37324,48.844072],[2.37328,48.8440503],[2.3735072,48.8439257],[2.3736348,48.8438568],[2.3738337,48.8437459],[2.3741134,48.8435874],[2.3746332,48.8433051],[2.3747661,48.8432304],[2.3749425,48.8431332],[2.3751476,48.8430192],[2.3753581,48.8429024],[2.3755161,48.8428147],[2.3756077,48.842764],[2.3724132,48.8445275]]]}},{"type":"Feature","properties":{"kind":"yes","lv":";-3;","minLevel":-3},"geometry":{"type":"Polygon","coordinates":[[[2.3738186,48.8439905],[2.3737861,48.8439664],[2.3737771,48.8439597],[2.3737516,48.8439407],[2.3738186,48.8439905]]]}},{"type":"Feature","properties":{"kind":"yes","lv":";-3;","minLevel":-3},"geometry":{"type":"Polygon","coordinates":[[[2.3749156,48.843386],[2.3748794,48.8433593],[2.3748786,48.8433587],[2.3748695,48.843352],[2.3748623,48.8433467],[2.3748483,48.8433364],[2.3749156,48.843386]]]}},{"type":"Feature","properties":{"kind":"yes","lv":";-3;","minLevel":-3},"geometry":{"type":"Polygon","coordinates":[[[2.375695,48.8429535],[2.3756583,48.8429259],[2.3756488,48.8429194],[2.3756277,48.8429039],[2.375695,48.8429535]]]}},{"type":"Feature","properties":{"kind":"yes","lv":";-3;","minLevel":-3},"geometry":{"type":"Polygon","coordinates":[[[2.3755349,48.8430422],[2.375507,48.8430216],[2.3755062,48.843021],[2.3754892,48.8430085],[2.3754874,48.8430072],[2.3754677,48.8429926],[2.3755349,48.8430422]]]}},{"type":"Feature","properties":{"kind":"yes","lv":";-3;","minLevel":-3},"geometry":{"type":"Polygon","coordinates":[[[2.3753235,48.8431591],[2.3752954,48.8431384],[2.3752777,48.8431253],[2.3752566,48.8431097],[2.3753235,48.8431591]]]}},{"type":"Feature","properties":{"kind":"yes","lv":";-3;","minLevel":-3},"geometry":{"type":"Polygon","coordinates":[[[2.3742293,48.8436752],[2.3742474,48.8436914],[2.3742626,48.843705],[2.3742884,48.8437281],[2.3742293,48.8436752]]]}},{"type":"Feature","properties":{"kind":"yes","lv":";-3;","minLevel":-3},"geometry":{"type":"Polygon","coordinates":[[[2.3739427,48.8438365],[2.3739608,48.8438502],[2.3739776,48.843863],[2.3740087,48.8438867],[2.3739427,48.8438365]]]}},{"type":"Feature","properties":{"kind":"yes","lv":";-3;","minLevel":-3},"geometry":{"type":"Polygon","coordinates":[[[2.3736161,48.8440162],[2.3736421,48.8440359],[2.3736599,48.8440495],[2.3736822,48.8440664],[2.3736161,48.8440162]]]}},{"type":"Feature","properties":{"kind":"yes","lv":";-3;","minLevel":-3},"geometry":{"type":"Polygon","coordinates":[[[2.3731456,48.8442738],[2.3731745,48.8442958],[2.3731927,48.8443096],[2.3732117,48.844324],[2.3731456,48.8442738]]]}},{"type":"Feature","properties":{"kind":"yes","lv":";-3;","minLevel":-3},"geometry":{"type":"Polygon","coordinates":[[[2.3725238,48.844617],[2.3731456,48.8442738],[2.3733233,48.8441766],[2.3733477,48.8441632],[2.3736161,48.8440162],[2.3737516,48.8439407],[2.3739427,48.8438365],[2.3742293,48.8436752],[2.3747435,48.8433949],[2.3748483,48.8433364],[2.3749283,48.8432918],[2.3750311,48.8432348],[2.3752566,48.8431097],[2.3754677,48.8429926],[2.3756277,48.8429039],[2.3757184,48.8428536],[2.3725238,48.844617]]]}},{"type":"Feature","properties":{"kind":"yes","lv":";-3;","minLevel":-3},"geometry":{"type":"Polygon","coordinates":[[[2.3725882,48.8446682],[2.3732117,48.844324],[2.373415,48.8442128],[2.3736822,48.8440664],[2.3738186,48.8439905],[2.3740087,48.8438867],[2.3742884,48.8437281],[2.3748082,48.8434458],[2.3749156,48.843386],[2.3749956,48.8433414],[2.3750983,48.8432844],[2.3755349,48.8430422],[2.375695,48.8429535],[2.3757827,48.8429048],[2.3725882,48.8446682]]]}},{"type":"Feature","properties":{"kind":"yes","lv":";-2;","minLevel":-2},"geometry":{"type":"Polygon","coordinates":[[[2.3748966,48.842873],[2.3749611,48.8429294],[2.3750521,48.8430115],[2.3751139,48.8430655],[2.3751758,48.8431203],[2.3748966,48.842873]]]}},{"type":"Feature","properties":{"kind":"yes","lv":";-2;","minLevel":-2},"geometry":{"type":"Polygon","coordinates":[[[2.3754433,48.8428551],[2.3754166,48.842832],[2.3754002,48.8428178],[2.3753773,48.8428295],[2.3754433,48.8428551]]]}},{"type":"Feature","properties":{"kind":"yes","lv":";-2;","minLevel":-2},"geometry":{"type":"Polygon","coordinates":[[[2.3755521,48.8429392],[2.3755745,48.8429585],[2.3755926,48.8429741],[2.3755736,48.8429831],[2.3755521,48.8429392]]]}},{"type":"Feature","properties":{"kind":"yes","lv":";-2;","minLevel":-2},"geometry":{"type":"Polygon","coordinates":[[[2.3755583,48.8427433],[2.3755695,48.8427366],[2.375606,48.842766],[2.3757106,48.8428501],[2.3757438,48.8428776],[2.375735,48.8428825],[2.3755583,48.8427433]]]}},{"type":"Feature","properties":{"kind":"yes","lv":";-2;","minLevel":-2},"geometry":{"type":"Polygon","coordinates":[[[2.3746908,48.8434731],[2.374734,48.8434496],[2.3747171,48.8434353],[2.3746653,48.843392],[2.3746046,48.8433404],[2.3745595,48.8433031],[2.3745452,48.8432912],[2.3744954,48.8433194],[2.3746908,48.8434731]]]}},{"type":"Feature","properties":{"kind":"yes","lv":";-2;","minLevel":-2},"geometry":{"type":"Polygon","coordinates":[[[2.3745149,48.8435681],[2.3745412,48.8435542],[2.3745258,48.8435418],[2.3744723,48.843499],[2.3744101,48.8434498],[2.3743652,48.8434136],[2.3743501,48.8434013],[2.3743212,48.843416],[2.3745149,48.8435681]]]}},{"type":"Feature","properties":{"kind":"yes","lv":";-2;","minLevel":-2},"geometry":{"type":"Polygon","coordinates":[[[2.3727199,48.8443203],[2.3727098,48.8443262],[2.3727475,48.8443556],[2.3728324,48.8444232],[2.3728895,48.8444426],[2.3729527,48.8444908],[2.3730389,48.8445564],[2.3727199,48.8443203]]]}},{"type":"Feature","properties":{"kind":"yes","lv":";-2;","minLevel":-2},"geometry":{"type":"Polygon","coordinates":[[[2.3735347,48.843866],[2.3735047,48.843884],[2.3735504,48.8439184],[2.3736205,48.8439711],[2.3736904,48.8440237],[2.3737158,48.8440072],[2.3735347,48.843866]]]}},{"type":"Feature","properties":{"kind":"yes","lv":";-2;","minLevel":-2},"geometry":{"type":"Polygon","coordinates":[[[2.3734384,48.8441503],[2.3734724,48.8441311],[2.3735426,48.8440915],[2.3735664,48.8440776],[2.3734384,48.8441503]]]}},{"type":"Feature","properties":{"kind":"room","lv":";0;","minLevel":0,"name":"Momen'Tea"},"geometry":{"type":"Polygon","coordinates":[[[2.373917,48.845316],[2.3739346,48.8453089],[2.3739358,48.8452989],[2.3739412,48.8452527],[2.3738831,48.8452503],[2.3738776,48.8452996],[2.3739193,48.8453019],[2.373917,48.845316]]]}},{"type":"Feature","properties":{"kind":"room","lv":";0;","minLevel":0,"name":"Brioche Dor\u00e9e"},"geometry":{"type":"Polygon","coordinates":[[[2.3740431,48.8452592],[2.374042,48.8452644],[2.3740378,48.8452956],[2.3740657,48.8452974],[2.3740603,48.8453333],[2.3741084,48.8453331],[2.3741329,48.8452947],[2.374164,48.8452868],[2.3740516,48.8452059],[2.3740454,48.8452421],[2.3740548,48.8452426],[2.3740525,48.8452597],[2.3740431,48.8452592]]]}},{"type":"Feature","properties":{"kind":"room","lv":";2;","minLevel":2,"name":"Hoppy Brasserie"},"geometry":{"type":"Polygon","coordinates":[[[2.3758647,48.8449108],[2.3757446,48.8448148],[2.3757634,48.8448042],[2.3757989,48.8448298],[2.375914,48.8447642],[2.3758976,48.8447506],[2.375964,48.844713],[2.3760376,48.8447727],[2.3760203,48.8447779],[2.3760507,48.8448205],[2.3760572,48.8448296],[2.3758647,48.8449108]]]}},{"type":"Feature","properties":{"kind":"room","lv":";1;","minLevel":1,"name":"Millie's Cookies"},"geometry":{"type":"Polygon","coordinates":[[[2.3730013,48.8446138],[2.3730333,48.8445959],[2.3730367,48.8445983],[2.3730414,48.844596],[2.3730571,48.8446088],[2.3730725,48.8446214],[2.3730777,48.8446258],[2.3730973,48.8446424],[2.3730247,48.8446815],[2.3729638,48.8446345],[2.3730013,48.8446138]]]}},{"type":"Feature","properties":{"kind":"room","lv":";-1;0;","minLevel":-1},"geometry":{"type":"Polygon","coordinates":[[[2.3769483,48.8445218],[2.3769253,48.8445035],[2.3769016,48.8445164],[2.3769131,48.8445255],[2.3769245,48.8445347],[2.3769483,48.8445218]]]}},{"type":"Feature","properties":{"kind":"yes","lv":";-5;","minLevel":-5,"name":"M\u00e9tro 14"},"geometry":{"type":"Polygon","coordinates":[[[2.3791368,48.8402939],[2.3786875,48.8405799],[2.3783407,48.8408036],[2.3781511,48.8409259],[2.3775127,48.8413355],[2.3768891,48.8417371],[2.3760027,48.8422816],[2.3739596,48.8434008],[2.3729548,48.8439606],[2.3722435,48.8443533],[2.3717438,48.8446482],[2.3706695,48.8452751],[2.3706419,48.8452941],[2.3696293,48.8459596],[2.3675112,48.8470874],[2.3666099,48.8475604],[2.3658106,48.8481817],[2.3649792,48.8488171],[2.3641573,48.8497683],[2.3609443,48.8523118],[2.3605083,48.8525325],[2.3600439,48.8527265],[2.3594873,48.8529312],[2.3584225,48.8533239],[2.3557443,48.8543008],[2.352747,48.855477],[2.3519584,48.8557841],[2.3513468,48.8560241],[2.3498504,48.8565775],[2.3791368,48.8402939]]]}},{"type":"Feature","properties":{"kind":"yes","lv":";-5;","minLevel":-5,"name":"M\u00e9tro 14"},"geometry":{"type":"Polygon","coordinates":[[[2.3791563,48.8403065],[2.3787065,48.8405928],[2.3783598,48.8408164],[2.3781702,48.8409387],[2.3775318,48.8413483],[2.376908,48.8417501],[2.3760208,48.8422951],[2.3739771,48.8434146],[2.3729724,48.8439743],[2.3722614,48.8443669],[2.371762,48.8446616],[2.3706884,48.845288],[2.3706614,48.8453067],[2.3696476,48.845973],[2.3675283,48.8471014],[2.366629,48.8475733],[2.3658314,48.8481934],[2.3650016,48.8488275],[2.3641798,48.8497786],[2.3609633,48.8523248],[2.360524,48.8525472],[2.3600579,48.8527419],[2.3595006,48.8529469],[2.3584358,48.8533396],[2.3557579,48.8543164],[2.3527609,48.8554924],[2.3519723,48.8557995],[2.3513605,48.8560396],[2.349864,48.8565931],[2.3791563,48.8403065]]]}},{"type":"Feature","properties":{"kind":"level","lv":";2;","minLevel":2},"geometry":{"type":"Polygon","coordinates":[[[2.3765302,48.8447064],[2.3764998,48.8446823],[2.3764882,48.844689],[2.3764738,48.8446972],[2.3764246,48.8446565],[2.3761109,48.8448306],[2.3760971,48.8448201],[2.3760818,48.8448079],[2.3760652,48.8447953],[2.3761086,48.8447706],[2.3761319,48.8447576],[2.3761232,48.8447507],[2.3761146,48.8447439],[2.3760909,48.8447571],[2.3760489,48.8447819],[2.3760376,48.8447727],[2.375964,48.844713],[2.3758976,48.8447506],[2.3758361,48.8447029],[2.3758986,48.8446679],[2.3756194,48.8444519],[2.3755735,48.8444776],[2.3755229,48.8444384],[2.37557,48.844412],[2.3754095,48.8442857],[2.3743581,48.8448643],[2.3739979,48.8450626],[2.3737806,48.8451833],[2.3734283,48.8449062],[2.3734533,48.8448923],[2.3734661,48.844885],[2.3734033,48.8448361],[2.37339,48.8448432],[2.3733652,48.8448571],[2.3730123,48.8445779],[2.3729171,48.8446301],[2.3729978,48.8446939],[2.3729475,48.8447214],[2.3736319,48.8452608],[2.3736485,48.8452524],[2.3736673,48.845265],[2.3737042,48.8452826],[2.373735,48.8452892],[2.3737732,48.845293],[2.3738473,48.8452974],[2.3740854,48.8453111],[2.3741196,48.8453064],[2.3741625,48.8452954],[2.3741799,48.8452877],[2.3742406,48.8452542],[2.3740925,48.8451373],[2.3743566,48.8449912],[2.3744075,48.844963],[2.3744525,48.8449381],[2.3752433,48.8445005],[2.3753133,48.8445557],[2.3754681,48.844469],[2.3755188,48.8445083],[2.3753641,48.8445948],[2.3753954,48.8446211],[2.3754553,48.8445891],[2.3754952,48.8445685],[2.3757353,48.8447593],[2.375812,48.8447164],[2.3758738,48.8447641],[2.3758196,48.8447948],[2.3758105,48.8447874],[2.3758035,48.8447816],[2.3757634,48.8448042],[2.3757446,48.8448148],[2.3758647,48.8449108],[2.3759865,48.8450058],[2.3761847,48.8448965],[2.3762942,48.8448361],[2.3765302,48.8447064]]]}},{"type":"Feature","properties":{"kind":"area","lv":";2;","minLevel":2},"geometry":{"type":"Polygon","coordinates":[[[2.3758976,48.8447506],[2.3758361,48.8447029],[2.375812,48.8447164],[2.3758738,48.8447641],[2.3758976,48.8447506]]]}},{"type":"Feature","properties":{"kind":"room","lv":";2;","minLevel":2},"geometry":{"type":"Polygon","coordinates":[[[2.3757353,48.8447593],[2.375812,48.8447164],[2.3758361,48.8447029],[2.3758986,48.8446679],[2.3756194,48.8444519],[2.3755735,48.8444776],[2.3755188,48.8445083],[2.3753641,48.8445948],[2.3753954,48.8446211],[2.3754553,48.8445891],[2.3754952,48.8445685],[2.3757353,48.8447593]]]}},{"type":"Feature","properties":{"kind":"area","lv":";2;","minLevel":2},"geometry":{"type":"Polygon","coordinates":[[[2.3755229,48.8444384],[2.3754681,48.844469],[2.3755188,48.8445083],[2.3755735,48.8444776],[2.3755229,48.8444384]]]}},{"type":"Feature","properties":{"kind":"room","lv":";2;","minLevel":2,"name":"Salon Grand Voyageur"},"geometry":{"type":"Polygon","coordinates":[[[2.3744075,48.844963],[2.3744525,48.8449381],[2.3743581,48.8448643],[2.3739979,48.8450626],[2.3740925,48.8451373],[2.3743566,48.8449912],[2.3743453,48.8449825],[2.3743349,48.8449745],[2.3743264,48.844968],[2.3743325,48.8449645],[2.3743378,48.8449616],[2.3743258,48.8449524],[2.3743397,48.8449445],[2.3743528,48.8449371],[2.3743648,48.8449463],[2.3743768,48.8449395],[2.3743858,48.8449463],[2.3744075,48.844963]]]}},{"type":"Feature","properties":{"kind":"room","lv":";2;","minLevel":2},"geometry":{"type":"Polygon","coordinates":[[[2.3744525,48.8449381],[2.3752433,48.8445005],[2.3753133,48.8445557],[2.3754681,48.844469],[2.3755229,48.8444384],[2.37557,48.844412],[2.3754095,48.8442857],[2.3743581,48.8448643],[2.3744525,48.8449381]]]}},{"type":"Feature","properties":{"kind":"corridor","lv":";1;","minLevel":1},"geometry":{"type":"Polygon","coordinates":[[[2.3743735,48.844953],[2.3743601,48.8449606],[2.3743465,48.8449683],[2.3743407,48.8449713],[2.3743349,48.8449745],[2.3743453,48.8449825],[2.3743566,48.8449912],[2.3744075,48.844963],[2.3743858,48.8449463],[2.3743735,48.844953]]]}},{"type":"Feature","properties":{"kind":"room","lv":";1;2;","minLevel":1},"geometry":{"type":"Polygon","coordinates":[[[2.3743465,48.8449683],[2.3743601,48.8449606],[2.3743735,48.844953],[2.3743648,48.8449463],[2.3743528,48.8449371],[2.3743397,48.8449445],[2.3743258,48.8449524],[2.3743378,48.8449616],[2.3743465,48.8449683]]]}},{"type":"Feature","properties":{"kind":"room","lv":";1;","minLevel":1},"geometry":{"type":"Polygon","coordinates":[[[2.3738567,48.8452628],[2.3737576,48.8452561],[2.3736247,48.8451521],[2.3735494,48.8451949],[2.3736271,48.8452573],[2.3736446,48.8452494],[2.3736734,48.8452697],[2.3737103,48.8452847],[2.3737579,48.8452926],[2.3738516,48.8452983],[2.3738567,48.8452628]]]}},{"type":"Feature","properties":{"kind":"room","lv":";1;","minLevel":1,"name":"Assistance voyageur handicap\u00e9"},"geometry":{"type":"Polygon","coordinates":[[[2.3729843,48.8444549],[2.3730729,48.8444065],[2.3731065,48.8443887],[2.3730345,48.8443317],[2.3730039,48.8443075],[2.3726726,48.8444853],[2.3727816,48.8445656],[2.3729843,48.8444549]]]}},{"type":"Feature","properties":{"kind":"yes","lv":";0;","minLevel":0},"geometry":{"type":"Polygon","coordinates":[[[2.3740696,48.8437483],[2.3740696,48.8437598],[2.3741043,48.8437864],[2.3741122,48.8437822],[2.3740696,48.8437483]]]}},{"type":"Feature","properties":{"kind":"yes","lv":";0;","minLevel":0},"geometry":{"type":"Polygon","coordinates":[[[2.3740037,48.8453238],[2.3740029,48.8453402],[2.3740636,48.8453873],[2.3741338,48.8453517],[2.3741391,48.8453398],[2.3740037,48.8453238]]]}},{"type":"Feature","properties":{"kind":"corridor","lv":";1;","minLevel":1},"geometry":{"type":"Polygon","coordinates":[[[2.3741219,48.8438158],[2.3740803,48.8437824],[2.3740992,48.8437723],[2.3741122,48.8437822],[2.3741251,48.8437921],[2.3741411,48.8438053],[2.3741324,48.8438101],[2.3741219,48.8438158]]]}},{"type":"Feature","properties":{"kind":"room","lv":";1;","minLevel":1},"geometry":{"type":"Polygon","coordinates":[[[2.3731982,48.8441992],[2.3732457,48.8442385],[2.373259,48.8442306],[2.3732678,48.8442255],[2.3733182,48.8441977],[2.37336,48.8442277],[2.3733905,48.8442112],[2.3741219,48.8438158],[2.3740803,48.8437824],[2.3741233,48.8437588],[2.3741492,48.8437794],[2.3741251,48.8437921],[2.3741411,48.8438053],[2.3750855,48.8432814],[2.3750944,48.8432762],[2.3750149,48.8432123],[2.3749879,48.8432276],[2.3749366,48.8432245],[2.3748214,48.8432177],[2.3748104,48.8432914],[2.3743458,48.8435519],[2.3741626,48.8436529],[2.3739756,48.8436615],[2.3739673,48.8436561],[2.373767,48.8437677],[2.3736027,48.8438592],[2.3736113,48.8438659],[2.3736057,48.8439085],[2.3736231,48.8439226],[2.3736115,48.8439291],[2.3735653,48.8439549],[2.3735651,48.8439714],[2.3735312,48.8439904],[2.3735214,48.8439828],[2.3733298,48.8440879],[2.3733016,48.8440861],[2.373298,48.8441047],[2.3731693,48.8441753],[2.3731982,48.8441992]]]}},{"type":"Feature","properties":{"kind":"corridor","lv":";0;","minLevel":0},"geometry":{"type":"Polygon","coordinates":[[[2.3740455,48.8437473],[2.3740851,48.843778],[2.3740691,48.8437866],[2.374103,48.8438125],[2.3741305,48.843797],[2.3741251,48.8437921],[2.3741122,48.8437822],[2.3740992,48.8437723],[2.3740909,48.8437661],[2.374102,48.8437599],[2.3740882,48.843749],[2.3740696,48.8437483],[2.3740455,48.8437473]]]}},{"type":"Feature","properties":{"kind":"room","lv":";0;","minLevel":0},"geometry":{"type":"Polygon","coordinates":[[[2.3747012,48.8435971],[2.3746575,48.8436208],[2.3746786,48.8436377],[2.3745909,48.8436852],[2.3746047,48.8436963],[2.3738257,48.8441279],[2.3738216,48.8441246],[2.3736713,48.844204],[2.3736393,48.8441778],[2.373579,48.8442113],[2.3735525,48.8442256],[2.3734995,48.8441832],[2.3735018,48.8441817],[2.3734852,48.8441684],[2.3734037,48.8441052],[2.3740423,48.8437471],[2.3740455,48.8437473],[2.3740851,48.843778],[2.3740691,48.8437866],[2.374103,48.8438125],[2.3741305,48.843797],[2.3741251,48.8437921],[2.3741492,48.8437794],[2.3741233,48.8437588],[2.3740992,48.8437723],[2.3740909,48.8437661],[2.374102,48.8437599],[2.3742051,48.8437024],[2.3742016,48.8436998],[2.3742027,48.8436891],[2.3743209,48.843624],[2.3743353,48.8436246],[2.3743439,48.8436314],[2.3744104,48.8435943],[2.3743954,48.8435827],[2.3744342,48.843561],[2.3744435,48.8435683],[2.3745637,48.8435026],[2.3745716,48.8435089],[2.3745838,48.8435023],[2.3746047,48.8435191],[2.3746221,48.8435329],[2.3746094,48.8435396],[2.3746157,48.8435447],[2.3746283,48.843538],[2.3747012,48.8435971]]]}},{"type":"Feature","properties":{"kind":"corridor","lv":";0;","minLevel":0},"geometry":{"type":"Polygon","coordinates":[[[2.3764219,48.8441975],[2.3764605,48.8441771],[2.3764306,48.8441522],[2.376391,48.844174],[2.3764219,48.8441975]]]}},{"type":"Feature","properties":{"kind":"area","lv":";0;","minLevel":0},"geometry":{"type":"Polygon","coordinates":[[[2.3762012,48.8444277],[2.3760963,48.8443482],[2.375956,48.8442419],[2.3760773,48.8441775],[2.376213,48.8442845],[2.3763152,48.8443651],[2.3762012,48.8444277]]]}},{"type":"Feature","properties":{"kind":"room","lv":";0;","minLevel":0},"geometry":{"type":"Polygon","coordinates":[[[2.3761076,48.8442578],[2.3761261,48.8442478],[2.3761852,48.8442953],[2.3761666,48.8443053],[2.3761076,48.8442578]]]}},{"type":"Feature","properties":{"kind":"room","lv":";-6;-5;-4;-3;-2;-1;0;","minLevel":-6},"geometry":{"type":"Polygon","coordinates":[[[2.3762718,48.844966],[2.3762622,48.8449581],[2.3762526,48.8449503],[2.3762337,48.8449603],[2.3762528,48.844976],[2.3762622,48.8449711],[2.3762718,48.844966]]]}},{"type":"Feature","properties":{"kind":"room","lv":";0;","minLevel":0},"geometry":{"type":"Polygon","coordinates":[[[2.376346,48.8449732],[2.376354,48.844967],[2.3763862,48.8449354],[2.3764013,48.8449114],[2.3764053,48.8448988],[2.3764013,48.8448898],[2.3762913,48.844952],[2.3763228,48.8449642],[2.376346,48.8449732]]]}},{"type":"Feature","properties":{"kind":"room","lv":";0;","minLevel":0},"geometry":{"type":"Polygon","coordinates":[[[2.3733964,48.8442167],[2.3734274,48.8441994],[2.3734314,48.8442033],[2.3734559,48.8441904],[2.3734516,48.8441869],[2.3734852,48.8441684],[2.3734037,48.8441052],[2.3733161,48.8441534],[2.3733964,48.8442167]]]}},{"type":"Feature","properties":{"kind":"room","lv":";0;","minLevel":0,"name":"IJO"},"geometry":{"type":"Polygon","coordinates":[[[2.3735956,48.8446966],[2.3737385,48.8448112],[2.3736748,48.8448452],[2.3736337,48.8448126],[2.3735914,48.8447795],[2.373531,48.8447318],[2.3735956,48.8446966]]]}},{"type":"Feature","properties":{"kind":"corridor","lv":";-1;","minLevel":-1},"geometry":{"type":"Polygon","coordinates":[[[2.3762718,48.844966],[2.3762622,48.8449581],[2.3762526,48.8449503],[2.376249,48.8449473],[2.3762388,48.8449391],[2.37622,48.8449238],[2.3762643,48.8449002],[2.3762883,48.8449198],[2.3762615,48.8449341],[2.3763123,48.8449754],[2.3764566,48.8448929],[2.3764773,48.8449083],[2.3763304,48.8449901],[2.3762893,48.845012],[2.3762708,48.844997],[2.3762849,48.8449895],[2.37627,48.8449774],[2.3762622,48.8449711],[2.3762718,48.844966]]]}},{"type":"Feature","properties":{"kind":"yes","lv":";-2;-1;","minLevel":-2},"geometry":{"type":"Polygon","coordinates":[[[2.3762499,48.8449478],[2.3762243,48.8449612],[2.3762272,48.8449704],[2.3762322,48.8449767],[2.3762409,48.8449819],[2.3762489,48.8449844],[2.3762554,48.8449849],[2.37627,48.8449774],[2.3762499,48.8449478]]]}},{"type":"Feature","properties":{"kind":"area","lv":";1;","minLevel":1},"geometry":{"type":"Polygon","coordinates":[[[2.3750149,48.8432123],[2.3751599,48.8431315],[2.3751888,48.8431152],[2.3752074,48.8431301],[2.3752704,48.8431806],[2.375235,48.8431999],[2.3752116,48.8431814],[2.3750721,48.8432582],[2.3750149,48.8432123]]]}},{"type":"Feature","properties":{"kind":"room","lv":";1;","minLevel":1},"geometry":{"type":"Polygon","coordinates":[[[2.3743116,48.8448878],[2.3743524,48.8449208],[2.3743858,48.8449463],[2.3744075,48.844963],[2.3743566,48.8449912],[2.3743968,48.845024],[2.3745528,48.8449373],[2.3744153,48.8448306],[2.3743116,48.8448878]]]}},{"type":"Feature","properties":{"kind":"room","lv":";1;","minLevel":1,"name":"Boutique Grandes Lignes"},"geometry":{"type":"Polygon","coordinates":[[[2.3744153,48.8448306],[2.3745528,48.8449373],[2.3745792,48.8449226],[2.3746805,48.844866],[2.3747817,48.8448095],[2.3746959,48.8447393],[2.3745583,48.8448158],[2.3745105,48.8447781],[2.3744153,48.8448306]]]}},{"type":"Feature","properties":{"kind":"room","lv":";1;","minLevel":1},"geometry":{"type":"Polygon","coordinates":[[[2.3759101,48.8449592],[2.3759823,48.8449196],[2.3760658,48.8448751],[2.3759696,48.8447976],[2.3759481,48.8447803],[2.3758974,48.8447386],[2.3758902,48.8447325],[2.375736,48.8448197],[2.3758688,48.8449262],[2.3759101,48.8449592]]]}},{"type":"Feature","properties":{"kind":"room","lv":";1;","minLevel":1},"geometry":{"type":"Polygon","coordinates":[[[2.3731497,48.8448752],[2.373196,48.8448477],[2.373134,48.8447995],[2.373085,48.844826],[2.3731497,48.8448752]]]}}]}